resistance,3
four,1
sleep,12
downwardly,12
synthetic,1
particles,2
gusset,1
penile,3
producing,1
removal,5
balls,1
fan,1
artery,3
difference,3
securely,8
tear,8
joined,10
enclosing,1
quick,1
sidewall,1
configurations,1
prevent,6
abutting,2
approximately,2
bicycle,3
knitted,2
fold,4
second,80
enclosed,3
insertion,3
apparatus,15
section,21
selected,4
flowing,2
consisting,1
body,28
supporting,10
toes,4
leg,11
respectively,1
disposable,4
water,27
selective,1
trunk,1
along,9
change,2
engage,18
dividing,2
shift,1
polystyrene,1
amount,2
nylon,3
measuring,4
composed,2
joinable,4
adjustable,2
secure,6
strap,32
pivotally,3
comprised,2
use,7
zip,2
two,13
occupying,2
aperture,4
type,1
dividers,2
separated,3
flap,1
spacers,1
inclined,1
envelope,3
carrying,1
rigid,3
perforation,6
hole,20
mounted,8
pouch,8
rotational,6
permits,2
meet,1
root,1
pivotable,1
proof,4
control,2
claim,131
stream,7
process,1
nozzle,19
pieces,4
slit,7
made,5
axis,1
respective,2
end,95
provide,2
nuts,1
damage,3
chemical,3
located,4
attachment,1
adjacent,14
divider,2
circular,1
abrasive,17
may,11
spot,1
movable,2
produce,5
concentrating,1
response,1
neck,7
effective,1
facilitate,2
therebetween,1
lines,1
meter,5
produced,2
held,1
including,7
penetrate,1
adhesive,6
position,20
outer,10
inlet,4
inward,6
fix,3
torn,4
late,1
showered,1
main,16
whirlpool,12
non,2
combination,1
material,42
walls,16
penetration,2
hands,1
foot,6
rotation,2
sealable,1
handy,2
maintaining,1
fully,1
filling,4
mode,2
side,60
garment,7
positioned,33
engaging,6
sectional,4
substantially,10
operation,2
beyond,6
tubular,6
enclosure,5
opened,9
space,2
washed,1
perineum,22
semiconductor,21
impart,1
forth,10
sliding,6
turning,9
bolts,8
upon,5
base,25
vinyl,3
members,45
tightening,38
concentrically,2
advance,1
faucet,47
elastomeric,6
positioning,12
times,2
length,5
moving,4
onto,5
housing,2
first,97
upper,17
operatively,1
thereof,4
one,39
feet,7
plurality,48
least,31
another,1
comprises,45
ring,6
open,5
braces,6
size,1
sheet,2
jet,19
top,9
system,7
rails,19
parallel,1
PVA,3
dissipate,1
operably,1
legs,6
peripheral,2
toe,4
shifted,1
stomach,4
incompressible,4
ankle,6
part,11
Venturi,1
center,2
distance,3
males,3
lugs,2
rate,11
seated,1
determined,1
elongate,6
toward,3
inextensible,2
tangential,3
torque,1
connectors,23
manner,3
cleaned,3
curved,1
conversion,1
angle,2
inches,12
depending,1
mechanism,3
outward,2
oriented,2
also,1
chest,4
contact,10
foamed,3
brace,12
towards,1
opposite,2
buffer,1
sewing,1
extending,5
connected,1
moveable,2
device,19
inserted,5
flow,16
rotary,19
face,8
pipe,2
integrally,1
comprise,2
clearing,1
velocity,3
fitted,1
permeable,2
dimensioned,1
supported,5
friction,3
rotating,6
spacer,5
ratio,4
securing,6
removably,4
removable,1
riding,3
scrubbing,5
plate,18
articulatable,3
polyurethane,3
means,31
fluid,2
spraying,1
ones,1
portions,10
portion,80
substrate,7
covering,20
scrubber,17
bearings,3
comprising,44
method,10
bag,20
enclose,3
fixed,8
bars,10
set,12
configured,17
seat,56
relative,2
seal,3
arm,3
surfaces,6
said,277
containing,1
pattern,1
cleaning,6
outside,1
closed,4
membrane,8
across,6
ends,7
extend,8
opening,2
releasably,9
releasable,3
spray,2
selectively,4
group,1
tub,2
configuration,6
linkage,1
concentrated,1
airflow,8
installation,1
resistant,4
sheaths,5
region,5
eyeball,4
according,13
streams,1
wheels,2
protector,40
rollers,2
point,4
wall,24
poly,3
height,4
drilled,2
convertible,1
belt,4
rotatable,1
tuning,1
mounting,16
due,4
attaching,1
homogenous,2
roller,25
flexible,6
generating,3
enable,2
turned,3
sufficient,5
formed,12
tightened,1
external,4
spin,1
inhibit,1
air,21
accumulator,3
bathtub,31
guide,6
loop,13
layer,1
orientation,1
coupled,2
inflatable,1
engaged,1
actuated,1
surface,51
sleeping,20
middle,12
rim,2
brake,3
claimed,17
engages,1
different,2
thereby,3
cross,4
elevated,1
wherein,150
member,71
directable,3
drawstring,4
pad,2
orientated,1
inch,4
perimeter,2
meets,1
extended,3
foam,1
rail,5
flows,1
hand,4
running,1
liquids,4
user,19
passing,1
lower,4
whereby,5
adapted,4
person,2
edge,54
entry,2
prevention,9
diameter,6
storage,4
rotated,1
rest,1
loosening,1
front,35
protecting,19
rotates,2
speed,15
advancement,7
internal,4
extends,6
location,1
grip,2
around,5
predetermined,4
five,5
canted,2
tire,1
advanced,1
claims,8
displaced,6
rotate,4
shaped,1
porous,7
collect,4
either,1
stationary,3
heel,9
therein,3
concentrator,3
back,22
ventilated,7
convex,2
bore,1
provided,26
bottom,23
tube,9
periphery,2
provides,1
screwed,3
inserting,1
assembly,44
cushioning,6
bolt,2
holding,5
panel,21
conducting,2
NH4OH,1
extension,1
cleans,3
impermeable,2
recited,10
range,1
mixed,1
therethrough,3
communication,3
within,1
accumulates,1
lies,2
strip,2
accumulated,1
attachable,6
span,1
elastic,2
area,16
measured,9
support,94
sock,5
disposed,1
width,9
inner,25
sections,2
head,2
form,4
directing,3
adjusting,2
tearable,6
cloth,2
removed,5
partially,1
directed,6
bevel,4
particulates,4
upwardly,1
inside,7
detachable,5
attached,21
detachably,1
defined,59
cover,26
moved,3
direction,7
covers,10
adapter,1
constructed,4
floor,3
fixing,3
generally,25
whereat,1
invalid,1
rubber,1
ledge,5
contacting,1
draw,3
permitting,1
semirigid,2
includes,10
propelling,3
alcohol,3
independently,2
remote,1
faster,2
wafer,14
apertures,5
contacts,1
holes,10
together,3
fastener,2
bedding,1
proximate,2
