"('bottom', 'end', 'front')"
"('protector', 'cover', 'front')"
"('surface', 'first', 'side')"
"('strap', 'joined', 'first')"
"('portion', 'chest', 'stomach')"
"('use', 'user', 'pouch')"
"('neck', 'user', 'pouch')"
"('side', 'first', 'second')"
"('particulates', 'liquids', 'moving')"
"('tear', 'end', 'produced')"
"('first', 'strap', 'tear')"
"('second', 'end', 'portion')"
"('stomach', 'user', 'neck')"
"('around', 'back', 'neck')"
"('end', 'second', 'end')"
"('removal', 'protector', 'neck')"
"('strap', 'sections', 'first')"
"('end', 'protector', 'cover')"
"('second', 'side', 'protector')"
"('tear', 'end', 'including')"
"('positioned', 'strap', 'tearable')"
"('length', 'strap', 'pouch')"
"('front', 'portion', 'chest')"
"('protector', 'support', 'comprises')"
"('protector', 'support', 'position')"
"('second', 'end', 'supported')"
"('neck', 'user', 'wherein')"
"('includes', 'least', 'one')"
"('position', 'storage', 'second')"
"('protector', 'cover', 'around')"
"('one', 'first', 'closed')"
"('second', 'side', 'first')"
"('section', 'tear', 'end')"
"('strap', 'section', 'first')"
"('perforation', 'torn', 'permits')"
"('position', 'covering', 'front')"
"('joined', 'first', 'side')"
"('joinable', 'form', 'strap')"
"('cover', 'wherein', 'strap')"
"('positioned', 'strap', 'section')"
"('wherein', 'strap', 'includes')"
"('second', 'end', 'protector')"
"('user', 'second', 'end')"
"('protector', 'support', 'adapted')"
"('quick', 'removal', 'protector')"
"('section', 'second', 'strap')"
"('section', 'tearable', 'perforation')"
"('section', 'positioned', 'strap')"
"('tearable', 'perforation', 'adhesive')"
"('liquids', 'moving', 'downwardly')"
"('extend', 'first', 'end')"
"('two', 'strap', 'sections')"
"('end', 'joined', 'second')"
"('supported', 'first', 'end')"
"('sections', 'first', 'strap')"
"('surface', 'protector', 'cover')"
"('second', 'end', 'second')"
"('end', 'joined', 'first')"
"('end', 'including', 'adhesive')"
"('adhesive', 'section', 'positioned')"
"('second', 'strap', 'section')"
"('strap', 'section', 'joinable')"
"('protector', 'use', 'user')"
"('protector', 'cover', 'second')"
"('strip', 'joined', 'second')"
"('stomach', 'user', 'protector')"
"('end', 'front', 'back')"
"('perforation', 'torn', 'first')"
"('first', 'end', 'joined')"
"('tearable', 'perforation', 'least')"
"('strap', 'section', 'tearable')"
"('torn', 'first', 'strap')"
"('strap', 'includes', 'least')"
"('cover', 'pouch', 'top')"
"('support', 'adapted', 'support')"
"('strap', 'tear', 'end')"
"('form', 'strap', 'wherein')"
"('adhesive', 'section', 'second')"
"('tearable', 'perforation', 'torn')"
"('support', 'garment', 'protector')"
"('user', 'wherein', 'protector')"
"('one', 'adhesive', 'section')"
"('produced', 'second', 'strap')"
"('strap', 'tearable', 'perforation')"
"('section', 'first', 'strap')"
"('second', 'end', 'positioned')"
"('chest', 'stomach', 'user')"
"('moving', 'downwardly', 'along')"
"('joined', 'second', 'side')"
"('front', 'surface', 'protector')"
"('first', 'closed', 'position')"
"('end', 'joinable', 'adhesive')"
"('end', 'strap', 'joined')"
"('protector', 'cover', 'pouch')"
"('disposable', 'garment', 'protector')"
"('strap', 'section', 'tear')"
"('downwardly', 'along', 'front')"
"('first', 'end', 'portion')"
"('opened', 'position', 'top')"
"('back', 'neck', 'user')"
"('end', 'produced', 'second')"
"('perforation', 'least', 'one')"
"('user', 'pouch', 'positioned')"
"('end', 'protector', 'support')"
"('cover', 'around', 'back')"
"('support', 'position', 'covering')"
"('surface', 'back', 'surface')"
"('fold', 'one', 'first')"
"('tear', 'end', 'joinable')"
"('end', 'second', 'strap')"
"('positioned', 'extend', 'first')"
"('support', 'comprises', 'two')"
"('garment', 'protector', 'neck')"
"('change', 'length', 'strap')"
"('perforation', 'adhesive', 'section')"
"('side', 'protector', 'cover')"
"('pouch', 'positioned', 'second')"
"('portion', 'second', 'strap')"
"('strap', 'section', 'pouch')"
"('positioned', 'second', 'end')"
"('second', 'end', 'strip')"
"('strap', 'section', 'includes')"
"('portion', 'first', 'strap')"
"('protector', 'cover', 'wherein')"
"('least', 'one', 'adhesive')"
"('adhesive', 'section', 'first')"
"('positioned', 'collect', 'particulates')"
"('end', 'first', 'end')"
"('permits', 'removal', 'protector')"
"('side', 'second', 'side')"
"('collect', 'particulates', 'liquids')"
"('cover', 'disposable', 'garment')"
"('strap', 'pouch', 'positioned')"
"('side', 'first', 'end')"
"('first', 'second', 'end')"
"('closed', 'position', 'storage')"
"('section', 'includes', 'least')"
"('comprises', 'strap', 'first')"
"('torn', 'permits', 'removal')"
"('front', 'surface', 'back')"
"('protector', 'comprising', 'protector')"
"('back', 'surface', 'first')"
"('top', 'end', 'opened')"
"('support', 'comprises', 'strap')"
"('position', 'top', 'end')"
"('wherein', 'strap', 'section')"
"('end', 'portion', 'first')"
"('user', 'protector', 'support')"
"('formed', 'fold', 'one')"
"('top', 'end', 'bottom')"
"('cover', 'front', 'surface')"
"('one', 'tearable', 'perforation')"
"('cover', 'second', 'end')"
"('end', 'portion', 'second')"
"('including', 'adhesive', 'section')"
"('section', 'first', 'end')"
"('neck', 'user', 'second')"
"('comprising', 'protector', 'cover')"
"('joinable', 'adhesive', 'section')"
"('removal', 'protector', 'use')"
"('tear', 'end', 'change')"
"('section', 'pouch', 'positioned')"
"('first', 'end', 'strap')"
"('along', 'front', 'surface')"
"('end', 'strip', 'joined')"
"('strap', 'first', 'end')"
"('first', 'end', 'protector')"
"('front', 'back', 'formed')"
"('end', 'supported', 'first')"
"('end', 'positioned', 'extend')"
"('storage', 'second', 'opened')"
"('end', 'bottom', 'end')"
"('torn', 'permits', 'quick')"
"('end', 'opened', 'positioned')"
"('garment', 'protector', 'comprising')"
"('comprises', 'two', 'strap')"
"('second', 'strap', 'tear')"
"('first', 'end', 'first')"
"('back', 'formed', 'fold')"
"('second', 'opened', 'position')"
"('opened', 'positioned', 'collect')"
"('covering', 'front', 'portion')"
"('end', 'change', 'length')"
"('first', 'end', 'second')"
"('least', 'one', 'tearable')"
"('wherein', 'protector', 'support')"
"('first', 'strap', 'section')"
"('pouch', 'top', 'end')"
"('first', 'side', 'first')"
"('section', 'joinable', 'form')"
"('strap', 'wherein', 'strap')"
"('user', 'neck', 'user')"
"('permits', 'quick', 'removal')"
"('protector', 'neck', 'user')"
"('first', 'side', 'second')"
"('adapted', 'support', 'garment')"
"('length', 'strap', 'section')"
"('protector', 'cover', 'disposable')"
"('whereby', 'user', 'may')"
"('meet', 'main', 'body')"
"('claim', 'wherein', 'zip')"
"('two', 'leg', 'portions')"
"('sealable', 'flap', 'provided')"
"('leg', 'portion', 'whereby')"
"('wherein', 'zip', 'fastener')"
"('main', 'body', 'sleeping')"
"('comprised', 'substantially', 'water')"
"('entry', 'sleeping', 'bag')"
"('feet', 'portion', 'provided')"
"('water', 'resistant', 'water')"
"('portion', 'comprised', 'substantially')"
"('flap', 'provided', 'either')"
"('bag', 'provided', 'zip')"
"('attached', 'said', 'main')"
"('substantially', 'length', 'main')"
"('feet', 'portion', 'said')"
"('formed', 'main', 'body')"
"('body', 'part', 'user')"
"('wherein', 'said', 'substantially')"
"('gusset', 'region', 'least')"
"('provided', 'gusset', 'region')"
"('portions', 'communication', 'attached')"
"('different', 'material', 'said')"
"('enclosing', 'trunk', 'user')"
"('drawstring', 'located', 'towards')"
"('region', 'attachment', 'sleeping')"
"('portion', 'around', 'leg')"
"('said', 'feet', 'portion')"
"('main', 'body', 'provided')"
"('said', 'head', 'portion')"
"('includes', 'least', 'one')"
"('drawstring', 'sleeping', 'bag')"
"('claimed', 'claim', 'wherein')"
"('claim', 'wherein', 'said')"
"('wherein', 'said', 'least')"
"('draw', 'said', 'least')"
"('main', 'body', 'substantially')"
"('enclose', 'hands', 'user')"
"('claim', 'wherein', 'one')"
"('arm', 'portion', 'respectively')"
"('around', 'lower', 'leg')"
"('attachment', 'sleeping', 'bag')"
"('part', 'portions', 'communication')"
"('length', 'main', 'body')"
"('may', 'draw', 'said')"
"('said', 'main', 'body')"
"('around', 'leg', 'sleeping')"
"('said', 'least', 'two')"
"('fully', 'least', 'one')"
"('provided', 'either', 'main')"
"('wherein', 'main', 'body')"
"('provided', 'drawstring', 'enable')"
"('provided', 'substantially', 'water')"
"('portion', 'releasable', 'attachable')"
"('user', 'draw', 'said')"
"('body', 'releasably', 'attachable')"
"('around', 'feet', 'lower')"
"('said', 'body', 'part')"
"('feet', 'portion', 'substantially')"
"('middle', 'front', 'portion')"
"('portion', 'provided', 'drawstring')"
"('releasably', 'attachable', 'main')"
"('one', 'releasable', 'attachable')"
"('draw', 'feet', 'portion')"
"('said', 'drawstring', 'located')"
"('part', 'portion', 'region')"
"('leg', 'sleeping', 'bag')"
"('sleeping', 'bag', 'claimed')"
"('material', 'said', 'main')"
"('trunk', 'user', 'least')"
"('feet', 'portion', 'around')"
"('region', 'least', 'two')"
"('lower', 'part', 'said')"
"('integrally', 'formed', 'main')"
"('proof', 'seal', 'said')"
"('provided', 'releasably', 'sealable')"
"('along', 'middle', 'front')"
"('wherein', 'said', 'head')"
"('wherein', 'one', 'said')"
"('towards', 'lower', 'part')"
"('communication', 'attached', 'said')"
"('substantially', 'water', 'resistant')"
"('least', 'one', 'body')"
"('part', 'said', 'least')"
"('wherein', 'another', 'said')"
"('part', 'portions', 'adapted')"
"('substantially', 'enclose', 'hands')"
"('either', 'main', 'body')"
"('located', 'substantially', 'along')"
"('wherein', 'provided', 'gusset')"
"('attachable', 'said', 'least')"
"('said', 'substantially', 'water')"
"('attached', 'sleeping', 'bag')"
"('hand', 'portion', 'releasable')"
"('attachable', 'body', 'part')"
"('head', 'portion', 'sleeping')"
"('head', 'portion', 'releasably')"
"('bag', 'including', 'main')"
"('portion', 'releasably', 'attachable')"
"('feet', 'user', 'sleeping')"
"('fastener', 'located', 'substantially')"
"('wherein', 'main', 'entry')"
"('wherein', 'provided', 'substantially')"
"('resistant', 'water', 'proof')"
"('running', 'substantially', 'length')"
"('least', 'two', 'body')"
"('one', 'arm', 'portion')"
"('portions', 'adapted', 'enclose')"
"('front', 'portion', 'main')"
"('releasably', 'sealable', 'flap')"
"('leg', 'portion', 'integrally')"
"('includes', 'head', 'portion')"
"('wherein', 'one', 'releasable')"
"('portion', 'integrally', 'formed')"
"('substantially', 'enclose', 'feet')"
"('body', 'provided', 'drawstring')"
"('user', 'sleeping', 'bag')"
"('comprised', 'different', 'material')"
"('leg', 'portion', 'arm')"
"('part', 'portion', 'comprised')"
"('portions', 'includes', 'least')"
"('seal', 'form', 'provided')"
"('hand', 'portion', 'comprised')"
"('portions', 'meet', 'main')"
"('including', 'main', 'body')"
"('user', 'draw', 'feet')"
"('provided', 'hand', 'portion')"
"('wherein', 'said', 'drawstring')"
"('releasable', 'attachable', 'body')"
"('main', 'entry', 'sleeping')"
"('one', 'body', 'part')"
"('portion', 'provided', 'feet')"
"('one', 'said', 'body')"
"('part', 'user', 'wherein')"
"('respectively', 'sleeping', 'bag')"
"('enable', 'user', 'draw')"
"('portion', 'around', 'lower')"
"('enclose', 'feet', 'user')"
"('portion', 'arm', 'portion')"
"('main', 'body', 'wherein')"
"('portion', 'attached', 'sleeping')"
"('leg', 'portions', 'meet')"
"('part', 'portion', 'attached')"
"('another', 'said', 'body')"
"('form', 'provided', 'releasably')"
"('claim', 'wherein', 'main')"
"('hand', 'portion', 'substantially')"
"('user', 'least', 'two')"
"('enclose', 'partially', 'fully')"
"('arm', 'portion', 'provided')"
"('body', 'wherein', 'another')"
"('user', 'wherein', 'one')"
"('seal', 'said', 'main')"
"('provided', 'feet', 'portion')"
"('portion', 'main', 'body')"
"('releasably', 'attachable', 'body')"
"('substantially', 'enclosing', 'trunk')"
"('leg', 'portion', 'provided')"
"('portion', 'region', 'attachment')"
"('leg', 'portion', 'around')"
"('claim', 'wherein', 'provided')"
"('wherein', 'said', 'feet')"
"('user', 'may', 'draw')"
"('said', 'least', 'one')"
"('adapted', 'enclose', 'partially')"
"('proof', 'material', 'sleeping')"
"('body', 'sleeping', 'bag')"
"('attachable', 'main', 'body')"
"('portion', 'sleeping', 'bag')"
"('portion', 'whereby', 'user')"
"('part', 'portions', 'includes')"
"('provided', 'drawstring', 'sleeping')"
"('feet', 'lower', 'leg')"
"('least', 'one', 'arm')"
"('substantially', 'along', 'middle')"
"('two', 'body', 'part')"
"('body', 'said', 'least')"
"('sleeping', 'bag', 'provided')"
"('material', 'sleeping', 'bag')"
"('hands', 'user', 'sleeping')"
"('one', 'leg', 'portion')"
"('drawstring', 'enable', 'user')"
"('least', 'one', 'leg')"
"('portion', 'said', 'hand')"
"('proof', 'seal', 'form')"
"('provided', 'zip', 'fastener')"
"('partially', 'fully', 'least')"
"('bag', 'claimed', 'claim')"
"('portion', 'substantially', 'enclose')"
"('main', 'body', 'releasably')"
"('zip', 'fastener', 'running')"
"('portion', 'comprised', 'different')"
"('least', 'two', 'leg')"
"('said', 'hand', 'portion')"
"('releasable', 'attachable', 'said')"
"('fastener', 'running', 'substantially')"
"('portions', 'includes', 'head')"
"('portion', 'respectively', 'sleeping')"
"('lower', 'leg', 'sleeping')"
"('water', 'proof', 'seal')"
"('body', 'part', 'portion')"
"('main', 'body', 'said')"
"('zip', 'fastener', 'located')"
"('portion', 'around', 'feet')"
"('bag', 'provided', 'substantially')"
"('body', 'substantially', 'enclosing')"
"('arm', 'portion', 'releasably')"
"('sleeping', 'bag', 'including')"
"('body', 'part', 'portions')"
"('located', 'towards', 'lower')"
"('portion', 'provided', 'hand')"
"('water', 'proof', 'material')"
"('portion', 'covers', 'ankle')"
"('portion', 'wherein', 'inner')"
"('sock', 'comprises', 'toe')"
"('area', 'heel', 'toes')"
"('knitted', 'along', 'root')"
"('knitted', 'bottom', 'top')"
"('sheaths', 'formed', 'four')"
"('toe', 'portion', 'foot')"
"('comprises', 'toe', 'portion')"
"('portion', 'covers', 'heel')"
"('top', 'part', 'sock')"
"('formed', 'four', 'dividers')"
"('sheaths', 'independently', 'knitted')"
"('dividers', 'inside', 'sock')"
"('heel', 'toes', 'heel')"
"('toes', 'heel', 'portion')"
"('part', 'sock', 'toe')"
"('ankle', 'sock', 'comprises')"
"('foot', 'area', 'heel')"
"('toe', 'portion', 'composed')"
"('layer', 'five', 'sheaths')"
"('sock', 'said', 'dividers')"
"('wherein', 'five', 'sheaths')"
"('inner', 'layer', 'five')"
"('five', 'sheaths', 'formed')"
"('ankle', 'portion', 'covers')"
"('five', 'sheaths', 'wherein')"
"('heel', 'portion', 'covers')"
"('four', 'dividers', 'inside')"
"('composed', 'five', 'sheaths')"
"('portion', 'composed', 'five')"
"('five', 'sheaths', 'independently')"
"('root', 'lines', 'toes')"
"('toe', 'portion', 'wherein')"
"('sheaths', 'foot', 'body')"
"('body', 'portion', 'covers')"
"('five', 'sheaths', 'foot')"
"('along', 'root', 'lines')"
"('inside', 'sock', 'said')"
"('portion', 'foot', 'body')"
"('portion', 'covers', 'foot')"
"('bottom', 'top', 'part')"
"('said', 'dividers', 'knitted')"
"('sheaths', 'wherein', 'five')"
"('lines', 'toes', 'foot')"
"('wherein', 'inner', 'layer')"
"('dividers', 'knitted', 'bottom')"
"('sock', 'toe', 'portion')"
"('independently', 'knitted', 'along')"
"('covers', 'ankle', 'sock')"
"('covers', 'heel', 'ankle')"
"('covers', 'foot', 'area')"
"('toes', 'foot', 'body')"
"('heel', 'ankle', 'portion')"
"('foot', 'body', 'portion')"
"('said', 'first', 'end')"
"('protecting', 'perineum', 'males')"
"('membrane', 'comprising', 'cloth')"
"('adjacent', 'said', 'back')"
"('comprising', 'elastomeric', 'material')"
"('said', 'first', 'loop')"
"('comprising', 'cloth', 'material')"
"('damage', 'penile', 'artery')"
"('back', 'edge', 'first')"
"('artery', 'said', 'device')"
"('perineum', 'said', 'securing')"
"('securing', 'means', 'removably')"
"('said', 'middle', 'portion')"
"('covering', 'membrane', 'comprising')"
"('prevent', 'damage', 'penile')"
"('slit', 'extending', 'therethrough')"
"('generally', 'adjacent', 'said')"
"('end', 'second', 'end')"
"('perineum', 'males', 'riding')"
"('member', 'first', 'end')"
"('height', 'generally', 'inch')"
"('comprises', 'foamed', 'elastomeric')"
"('said', 'securing', 'means')"
"('material', 'comprising', 'foamed')"
"('holding', 'said', 'panel')"
"('covering', 'member', 'slit')"
"('end', 'securely', 'attached')"
"('said', 'second', 'loop')"
"('parallel', 'said', 'front')"
"('said', 'panel', 'orientated')"
"('member', 'said', 'elongate')"
"('middle', 'portion', 'may')"
"('end', 'attached', 'said')"
"('said', 'panel', 'height')"
"('second', 'end', 'said')"
"('wherein', 'said', 'cushioning')"
"('said', 'second', 'side')"
"('middle', 'portion', 'generally')"
"('selectively', 'extended', 'said')"
"('membrane', 'said', 'covering')"
"('edge', 'first', 'side')"
"('first', 'end', 'securely')"
"('said', 'covering', 'member')"
"('comprising', 'elongate', 'flexible')"
"('said', 'slit', 'removed')"
"('inch', 'inches', 'perineum')"
"('means', 'removably', 'abutting')"
"('generally', 'positioned', 'adjacent')"
"('width', 'generally', 'inches')"
"('securely', 'attached', 'said')"
"('generally', 'parallel', 'said')"
"('front', 'edge', 'said')"
"('said', 'first', 'second')"
"('member', 'slit', 'extending')"
"('comprises', 'elongate', 'flexible')"
"('perineum', 'protecting', 'device')"
"('extending', 'therethrough', 'said')"
"('middle', 'portion', 'said')"
"('means', 'comprising', 'first')"
"('riding', 'bicycle', 'prevent')"
"('edge', 'said', 'panel')"
"('flexible', 'member', 'said')"
"('said', 'panel', 'width')"
"('portion', 'comprising', 'cushioning')"
"('edge', 'back', 'side')"
"('material', 'said', 'middle')"
"('edge', 'positioned', 'generally')"
"('said', 'device', 'comprising')"
"('comprising', 'panel', 'said')"
"('said', 'panel', 'generally')"
"('first', 'second', 'loop')"
"('said', 'panel', 'perineum')"
"('removably', 'abutting', 'said')"
"('material', 'said', 'cushioning')"
"('inch', 'inches', 'securing')"
"('material', 'comprises', 'foamed')"
"('securing', 'means', 'comprising')"
"('member', 'said', 'second')"
"('panel', 'front', 'edge')"
"('device', 'protecting', 'perineum')"
"('edge', 'wherein', 'said')"
"('removably', 'holding', 'said')"
"('panel', 'said', 'panel')"
"('panel', 'width', 'generally')"
"('side', 'edge', 'securing')"
"('first', 'side', 'edge')"
"('loop', 'member', 'said')"
"('bicycle', 'prevent', 'damage')"
"('said', 'elongate', 'flexible')"
"('first', 'loop', 'member')"
"('generally', 'inch', 'inches')"
"('inches', 'length', 'generally')"
"('cushioning', 'material', 'comprising')"
"('second', 'side', 'edge')"
"('elastomeric', 'material', 'said')"
"('side', 'edge', 'said')"
"('loop', 'members', 'comprises')"
"('side', 'edge', 'positioned')"
"('inches', 'securing', 'means')"
"('comprising', 'first', 'loop')"
"('inches', 'height', 'generally')"
"('device', 'claim', 'wherein')"
"('slit', 'generally', 'positioned')"
"('wherein', 'said', 'panel')"
"('said', 'panel', 'front')"
"('cloth', 'material', 'said')"
"('elastomeric', 'material', 'perineum')"
"('covering', 'membrane', 'comprises')"
"('members', 'comprises', 'elongate')"
"('end', 'said', 'first')"
"('said', 'slit', 'generally')"
"('middle', 'portion', 'comprising')"
"('abutting', 'said', 'panel')"
"('edge', 'back', 'edge')"
"('said', 'cushioning', 'material')"
"('enclosed', 'covering', 'membrane')"
"('second', 'end', 'securely')"
"('material', 'perineum', 'protecting')"
"('panel', 'middle', 'portion')"
"('generally', 'inches', 'inches')"
"('portion', 'generally', 'enclosed')"
"('said', 'front', 'edge')"
"('inches', 'inches', 'length')"
"('removed', 'said', 'covering')"
"('panel', 'orientated', 'generally')"
"('attached', 'said', 'first')"
"('generally', 'enclosed', 'covering')"
"('first', 'end', 'second')"
"('therethrough', 'said', 'slit')"
"('cushioning', 'material', 'said')"
"('slit', 'removed', 'said')"
"('protecting', 'device', 'protecting')"
"('panel', 'perineum', 'said')"
"('foamed', 'elastomeric', 'material')"
"('portion', 'said', 'middle')"
"('back', 'edge', 'perineum')"
"('second', 'loop', 'members')"
"('claim', 'wherein', 'said')"
"('flexible', 'member', 'comprising')"
"('member', 'said', 'panel')"
"('comprising', 'foamed', 'elastomeric')"
"('first', 'end', 'attached')"
"('edge', 'securing', 'means')"
"('membrane', 'perineum', 'protecting')"
"('covering', 'membrane', 'perineum')"
"('adjacent', 'said', 'front')"
"('comprising', 'panel', 'front')"
"('edge', 'said', 'first')"
"('second', 'end', 'attached')"
"('back', 'edge', 'said')"
"('comprises', 'cloth', 'material')"
"('panel', 'generally', 'enclosed')"
"('protecting', 'device', 'claim')"
"('may', 'selectively', 'extended')"
"('length', 'generally', 'inches')"
"('penile', 'artery', 'said')"
"('said', 'panel', 'middle')"
"('edge', 'said', 'second')"
"('covering', 'membrane', 'said')"
"('edge', 'perineum', 'protecting')"
"('orientated', 'generally', 'parallel')"
"('extended', 'said', 'slit')"
"('comprising', 'cushioning', 'material')"
"('said', 'back', 'edge')"
"('member', 'said', 'first')"
"('said', 'panel', 'slit')"
"('cushioning', 'material', 'perineum')"
"('member', 'comprising', 'elastomeric')"
"('extending', 'therethrough', 'wherein')"
"('inches', 'inches', 'height')"
"('attached', 'said', 'second')"
"('portion', 'may', 'selectively')"
"('front', 'edge', 'back')"
"('back', 'side', 'edge')"
"('elongate', 'flexible', 'member')"
"('means', 'removably', 'holding')"
"('covering', 'member', 'said')"
"('loop', 'members', 'comprising')"
"('positioned', 'adjacent', 'said')"
"('material', 'said', 'panel')"
"('front', 'edge', 'wherein')"
"('cushioning', 'material', 'comprises')"
"('wherein', 'said', 'covering')"
"('back', 'edge', 'second')"
"('panel', 'slit', 'extending')"
"('loop', 'member', 'first')"
"('panel', 'height', 'generally')"
"('portion', 'said', 'panel')"
"('said', 'covering', 'membrane')"
"('membrane', 'comprises', 'cloth')"
"('therethrough', 'wherein', 'said')"
"('device', 'comprising', 'panel')"
"('second', 'loop', 'member')"
"('said', 'second', 'end')"
"('wherein', 'said', 'middle')"
"('positioned', 'generally', 'adjacent')"
"('said', 'first', 'side')"
"('edge', 'second', 'loop')"
"('wherein', 'said', 'first')"
"('members', 'comprising', 'elongate')"
"('side', 'edge', 'back')"
"('inches', 'perineum', 'protecting')"
"('males', 'riding', 'bicycle')"
"('articulatable', 'non', 'rotating')"
"('water', 'air', 'region')"
"('air', 'inlet', 'directing')"
"('articulatable', 'upon', 'removal')"
"('said', 'nozzle', 'said')"
"('assembly', 'comprises', 'plurality')"
"('rotating', 'apertures', 'impart')"
"('said', 'eyeball', 'rotary')"
"('passing', 'said', 'stream')"
"('direction', 'determined', 'orientation')"
"('jet', 'assembly', 'rotary')"
"('engage', 'end', 'said')"
"('rotating', 'apertures', 'response')"
"('tube', 'said', 'eyeball')"
"('assembly', 'rotary', 'mode')"
"('respective', 'ones', 'said')"
"('apertures', 'whirlpool', 'jet')"
"('assembly', 'selectively', 'convertible')"
"('canted', 'apertures', 'passing')"
"('first', 'second', 'configurations')"
"('aperture', 'jet', 'assembly')"
"('circular', 'pattern', 'said')"
"('nozzle', 'plurality', 'lugs')"
"('stream', 'water', 'air')"
"('assembly', 'comprising', 'Venturi')"
"('rotation', 'apertures', 'directing')"
"('jet', 'assembly', 'directable')"
"('assembly', 'rotary', 'configuration')"
"('face', 'said', 'first')"
"('spot', 'rotary', 'face')"
"('water', 'air', 'separated')"
"('stationary', 'configuration', 'removed')"
"('Venturi', 'housing', 'water')"
"('stationary', 'mode', 'nozzle')"
"('relative', 'said', 'wall')"
"('streams', 'flow', 'respective')"
"('said', 'nozzle', 'plurality')"
"('claim', 'wherein', 'said')"
"('stream', 'generating', 'rotational')"
"('means', 'engaging', 'opposite')"
"('assembly', 'spraying', 'water')"
"('tube', 'said', 'aperture')"
"('apertures', 'passing', 'said')"
"('second', 'configuration', 'removed')"
"('face', 'comprises', 'divider')"
"('comprising', 'flow', 'control')"
"('eyeball', 'may', 'oriented')"
"('tube', 'whirlpool', 'jet')"
"('said', 'water', 'inlet')"
"('plurality', 'lugs', 'engaging')"
"('tube', 'eyeball', 'positioned')"
"('said', 'stream', 'generating')"
"('air', 'flow', 'said')"
"('inlet', 'directing', 'said')"
"('selected', 'angle', 'relative')"
"('face', 'said', 'whirlpool')"
"('wherein', 'said', 'rotary')"
"('plurality', 'canted', 'apertures')"
"('oriented', 'selected', 'angle')"
"('inlet', 'air', 'inlet')"
"('removable', 'rotary', 'face')"
"('assembly', 'engaging', 'said')"
"('separated', 'streams', 'flow')"
"('apertures', 'impart', 'rotational')"
"('communication', 'said', 'nozzle')"
"('end', 'said', 'nozzle')"
"('nozzle', 'articulatable', 'upon')"
"('water', 'air', 'flowing')"
"('said', 'stream', 'water')"
"('directable', 'stationary', 'configuration')"
"('lugs', 'engage', 'end')"
"('response', 'water', 'air')"
"('comprises', 'plurality', 'lugs')"
"('jet', 'assembly', 'comprising')"
"('nozzle', 'said', 'nozzle')"
"('flow', 'said', 'nozzle')"
"('spin', 'said', 'rotary')"
"('said', 'nozzle', 'jet')"
"('face', 'attached', 'said')"
"('second', 'configurations', 'comprising')"
"('stream', 'respective', 'ones')"
"('claim', 'upon', 'removal')"
"('aperture', 'wall', 'water')"
"('rotational', 'torque', 'said')"
"('directable', 'stationary', 'mode')"
"('rotating', 'said', 'rotating')"
"('comprises', 'divider', 'dividing')"
"('nozzle', 'tube', 'releasable')"
"('rotatable', 'nozzle', 'tube')"
"('air', 'separated', 'streams')"
"('assembly', 'said', 'directable')"
"('first', 'configuration', 'operably')"
"('rotary', 'face', 'said')"
"('rotary', 'face', 'attached')"
"('face', 'said', 'rotary')"
"('ones', 'said', 'canted')"
"('determined', 'orientation', 'said')"
"('non', 'rotating', 'nozzle')"
"('hole', 'said', 'enclosure')"
"('opposite', 'surfaces', 'water')"
"('water', 'inlet', 'air')"
"('said', 'aperture', 'direction')"
"('said', 'stream', 'respective')"
"('rotary', 'assembly', 'comprises')"
"('engaging', 'said', 'nozzle')"
"('said', 'stream', 'said')"
"('nozzle', 'tube', 'plurality')"
"('water', 'inlet', 'said')"
"('holding', 'enclosure', 'perimeter')"
"('nozzle', 'jet', 'assembly')"
"('nozzle', 'tube', 'whirlpool')"
"('coupled', 'said', 'nozzle')"
"('claim', 'comprising', 'flow')"
"('mixed', 'water', 'air')"
"('positioned', 'concentrically', 'within')"
"('convertible', 'first', 'second')"
"('selective', 'conversion', 'said')"
"('nozzle', 'tube', 'said')"
"('attached', 'said', 'nozzle')"
"('lugs', 'engaging', 'said')"
"('nozzle', 'tube', 'eyeball')"
"('flowing', 'said', 'nozzle')"
"('jet', 'assembly', 'recited')"
"('water', 'air', 'flow')"
"('stream', 'mixed', 'water')"
"('removal', 'said', 'rotary')"
"('said', 'rotary', 'assembly')"
"('configuration', 'said', 'rotary')"
"('assembly', 'said', 'rotary')"
"('perimeter', 'hole', 'said')"
"('configuration', 'removed', 'said')"
"('assembly', 'recited', 'claim')"
"('tube', 'plurality', 'canted')"
"('said', 'rotating', 'apertures')"
"('configurations', 'comprising', 'articulatable')"
"('air', 'selected', 'spot')"
"('nozzle', 'rotating', 'said')"
"('said', 'wall', 'aperture')"
"('enclosure', 'perimeter', 'hole')"
"('said', 'nozzle', 'rotating')"
"('generating', 'rotational', 'spin')"
"('said', 'enclosure', 'whirlpool')"
"('said', 'nozzle', 'articulatable')"
"('face', 'rotation', 'apertures')"
"('control', 'means', 'adjusting')"
"('jet', 'assembly', 'jet')"
"('inlet', 'generating', 'stream')"
"('selectively', 'convertible', 'first')"
"('said', 'rotary', 'configuration')"
"('apertures', 'directing', 'stream')"
"('assembly', 'said', 'nozzle')"
"('surfaces', 'water', 'holding')"
"('directing', 'said', 'stream')"
"('recited', 'claim', 'comprising')"
"('pattern', 'said', 'rotary')"
"('region', 'said', 'rotary')"
"('said', 'nozzle', 'tube')"
"('engaging', 'opposite', 'surfaces')"
"('nozzle', 'removable', 'rotary')"
"('housing', 'water', 'inlet')"
"('configuration', 'operably', 'coupled')"
"('comprising', 'Venturi', 'housing')"
"('spraying', 'water', 'air')"
"('within', 'said', 'housing')"
"('water', 'air', 'selected')"
"('rotary', 'assembly', 'spraying')"
"('claim', 'comprising', 'means')"
"('canted', 'apertures', 'whirlpool')"
"('rotary', 'face', 'whirlpool')"
"('said', 'housing', 'fluid')"
"('rotary', 'face', 'rotation')"
"('removed', 'said', 'nozzle')"
"('mode', 'nozzle', 'articulatable')"
"('nozzle', 'operation', 'said')"
"('releasable', 'manner', 'selective')"
"('aperture', 'direction', 'determined')"
"('enclosure', 'whirlpool', 'jet')"
"('concentrically', 'engaging', 'said')"
"('water', 'air', 'aperture')"
"('flow', 'control', 'means')"
"('selected', 'spot', 'rotary')"
"('rotary', 'mode', 'said')"
"('said', 'air', 'inlet')"
"('adjusting', 'amount', 'water')"
"('eyeball', 'positioned', 'concentrically')"
"('may', 'oriented', 'selected')"
"('air', 'region', 'said')"
"('comprising', 'articulatable', 'non')"
"('water', 'holding', 'enclosure')"
"('flow', 'respective', 'rotating')"
"('plurality', 'lugs', 'engage')"
"('said', 'directable', 'stationary')"
"('recited', 'claim', 'upon')"
"('said', 'first', 'configuration')"
"('operation', 'said', 'whirlpool')"
"('rotary', 'configuration', 'directable')"
"('wall', 'water', 'holding')"
"('rotary', 'face', 'comprises')"
"('rotary', 'assembly', 'engaging')"
"('stationary', 'configuration', 'said')"
"('jet', 'assembly', 'selectively')"
"('air', 'inlet', 'generating')"
"('air', 'aperture', 'wall')"
"('said', 'second', 'configuration')"
"('tube', 'releasable', 'manner')"
"('comprising', 'means', 'engaging')"
"('nozzle', 'articulatable', 'directing')"
"('assembly', 'jet', 'assembly')"
"('upon', 'removal', 'said')"
"('respective', 'rotating', 'apertures')"
"('manner', 'selective', 'conversion')"
"('generating', 'stream', 'mixed')"
"('whirlpool', 'jet', 'assembly')"
"('said', 'nozzle', 'operation')"
"('face', 'whirlpool', 'jet')"
"('face', 'fluid', 'communication')"
"('torque', 'said', 'rotary')"
"('assembly', 'directable', 'stationary')"
"('housing', 'fluid', 'communication')"
"('amount', 'water', 'air')"
"('air', 'circular', 'pattern')"
"('rotary', 'configuration', 'concentrically')"
"('directing', 'stream', 'water')"
"('mode', 'said', 'second')"
"('enclosure', 'non', 'rotatable')"
"('air', 'flowing', 'said')"
"('water', 'air', 'circular')"
"('inlet', 'said', 'air')"
"('divider', 'dividing', 'said')"
"('wall', 'aperture', 'jet')"
"('orientation', 'said', 'eyeball')"
"('said', 'canted', 'apertures')"
"('concentrically', 'within', 'said')"
"('said', 'rotary', 'face')"
"('said', 'whirlpool', 'jet')"
"('rotary', 'face', 'fluid')"
"('rotary', 'assembly', 'said')"
"('assembly', 'comprises', 'divider')"
"('dividing', 'said', 'stream')"
"('holding', 'enclosure', 'non')"
"('said', 'eyeball', 'may')"
"('stream', 'said', 'nozzle')"
"('angle', 'relative', 'said')"
"('eyeball', 'rotary', 'assembly')"
"('operably', 'coupled', 'said')"
"('configuration', 'concentrically', 'engaging')"
"('conversion', 'said', 'whirlpool')"
"('recited', 'claim', 'wherein')"
"('rotational', 'spin', 'said')"
"('configuration', 'directable', 'stationary')"
"('rotating', 'nozzle', 'removable')"
"('impart', 'rotational', 'torque')"
"('means', 'adjusting', 'amount')"
"('articulatable', 'directing', 'stream')"
"('apertures', 'response', 'water')"
"('communication', 'said', 'water')"
"('fluid', 'communication', 'said')"
"('non', 'rotatable', 'nozzle')"
"('inner', 'walls', 'engage')"
"('ends', 'said', 'bars')"
"('comprises', 'tubular', 'braces')"
"('said', 'bathtub', 'inner')"
"('rails', 'whereby', 'seat')"
"('held', 'floor', 'side')"
"('legs', 'provided', 'wheels')"
"('engage', 'inside', 'surface')"
"('may', 'washed', 'showered')"
"('together', 'along', 'rails')"
"('bars', 'elevated', 'hand')"
"('bathtub', 'rails', 'provided')"
"('inside', 'surface', 'bathtub')"
"('means', 'whereby', 'brake')"
"('bars', 'proximate', 'inner')"
"('bathtub', 'proximate', 'floor')"
"('installation', 'position', 'outer')"
"('one', 'wheels', 'provided')"
"('claim', 'combination', 'tub')"
"('support', 'legs', 'assembly')"
"('proximate', 'inner', 'ends')"
"('downwardly', 'said', 'rails')"
"('bearings', 'rollers', 'located')"
"('wherein', 'seat', 'positioned')"
"('outer', 'bathtub', 'side')"
"('extending', 'upwardly', 'brake')"
"('bathtub', 'side', 'inner')"
"('two', 'rails', 'dimensioned')"
"('moveable', 'seat', 'support')"
"('legs', 'bars', 'may')"
"('rest', 'ledge', 'assembly')"
"('said', 'bearings', 'shaped')"
"('whereby', 'rails', 'may')"
"('rails', 'bathtub', 'two')"
"('wherein', 'said', 'outer')"
"('secure', 'rails', 'displaced')"
"('support', 'means', 'supporting')"
"('location', 'wherein', 'seat')"
"('advancement', 'supporting', 'bars')"
"('support', 'legs', 'may')"
"('side', 'inner', 'rail')"
"('comprising', 'linkage', 'extending')"
"('rails', 'provided', 'inner')"
"('whereby', 'brake', 'means')"
"('comprises', 'adjustable', 'spacers')"
"('outer', 'ends', 'connected')"
"('means', 'extending', 'ledge')"
"('claim', 'wherein', 'supporting')"
"('brake', 'means', 'may')"
"('means', 'comprises', 'tub')"
"('claim', 'wherein', 'one')"
"('seat', 'seat', 'support')"
"('said', 'bars', 'permitting')"
"('seated', 'seat', 'assembly')"
"('rail', 'support', 'means')"
"('shift', 'seat', 'position')"
"('walls', 'bathtub', 'assembly')"
"('claim', 'comprising', 'linkage')"
"('upon', 'installation', 'position')"
"('sliding', 'advancement', 'across')"
"('wheels', 'lower', 'ends')"
"('axis', 'rotation', 'supporting')"
"('thereby', 'shift', 'seat')"
"('legs', 'assembly', 'claim')"
"('bathtub', 'two', 'supporting')"
"('combination', 'tub', 'inner')"
"('said', 'bathtub', 'position')"
"('ledge', 'contacting', 'extension')"
"('ledge', 'assembly', 'claim')"
"('wherein', 'inner', 'rail')"
"('ledge', 'wherein', 'inner')"
"('center', 'region', 'said')"
"('bathtub', 'whereat', 'person')"
"('wherein', 'said', 'positioning')"
"('showered', 'comprising', 'two')"
"('said', 'seat', 'support')"
"('shaped', 'positioned', 'engage')"
"('bathtub', 'position', 'center')"
"('elevated', 'hand', 'advancement')"
"('inner', 'bathtub', 'side')"
"('ends', 'connected', 'two')"
"('advance', 'upon', 'installation')"
"('span', 'width', 'said')"
"('seat', 'support', 'legs')"
"('downwardly', 'rails', 'engage')"
"('said', 'floor', 'assembly')"
"('bars', 'permitting', 'outer')"
"('supporting', 'rails', 'bathtub')"
"('assembly', 'claim', 'wherein')"
"('bathtub', 'side', 'outer')"
"('seat', 'supporting', 'bars')"
"('bathtub', 'secure', 'rails')"
"('lower', 'ends', 'assembly')"
"('supporting', 'bearings', 'rollers')"
"('bars', 'may', 'held')"
"('provided', 'wheels', 'lower')"
"('means', 'may', 'actuated')"
"('supporting', 'bars', 'substantially')"
"('supporting', 'bars', 'seat')"
"('floor', 'outside', 'bathtub')"
"('rails', 'may', 'supported')"
"('may', 'advanced', 'together')"
"('inner', 'location', 'wherein')"
"('use', 'assembly', 'claim')"
"('comprising', 'two', 'rails')"
"('bearings', 'fitted', 'supporting')"
"('wheels', 'provided', 'brake')"
"('bathtub', 'invalid', 'seat')"
"('mounted', 'sliding', 'advancement')"
"('advanced', 'together', 'along')"
"('inner', 'sidewall', 'provides')"
"('brake', 'means', 'assembly')"
"('seat', 'assembly', 'including')"
"('shifted', 'position', 'adjacent')"
"('assembly', 'claim', 'comprising')"
"('outer', 'ends', 'bars')"
"('assembly', 'claim', 'combination')"
"('provide', 'axis', 'rotation')"
"('outside', 'bathtub', 'inner')"
"('bearings', 'shaped', 'positioned')"
"('engage', 'two', 'rails')"
"('ends', 'bars', 'elevated')"
"('said', 'positioning', 'brace')"
"('means', 'comprises', 'legs')"
"('comprises', 'legs', 'extend')"
"('outer', 'side', 'bathtub')"
"('bars', 'seat', 'support')"
"('downwardly', 'rest', 'ledge')"
"('carrying', 'seat', 'bars')"
"('side', 'outer', 'rail')"
"('outer', 'rail', 'support')"
"('rollers', 'located', 'provide')"
"('floor', 'side', 'seat')"
"('legs', 'may', 'advanced')"
"('adjustable', 'spacers', 'extend')"
"('seat', 'position', 'outer')"
"('supporting', 'bars', 'proximate')"
"('seat', 'positioned', 'center')"
"('washed', 'showered', 'comprising')"
"('bars', 'substantially', 'inner')"
"('center', 'region', 'bathtub')"
"('bathtub', 'supporting', 'bearings')"
"('seat', 'mounted', 'advance')"
"('bars', 'carrying', 'seat')"
"('along', 'rails', 'thereby')"
"('positioning', 'brace', 'means')"
"('proximate', 'floor', 'outside')"
"('means', 'comprises', 'adjustable')"
"('provided', 'brake', 'means')"
"('fitted', 'supporting', 'bars')"
"('rails', 'said', 'floor')"
"('wherein', 'moveable', 'seat')"
"('two', 'rails', 'whereby')"
"('also', 'shifted', 'position')"
"('engage', 'inner', 'walls')"
"('supported', 'said', 'ledge')"
"('side', 'bathtub', 'proximate')"
"('comprises', 'tub', 'ledge')"
"('positioned', 'center', 'region')"
"('bathtub', 'inner', 'walls')"
"('inner', 'outer', 'ends')"
"('bathtub', 'inner', 'location')"
"('positioned', 'engage', 'two')"
"('may', 'supported', 'said')"
"('tubular', 'braces', 'mounted')"
"('rails', 'dimensioned', 'span')"
"('said', 'outer', 'rail')"
"('hand', 'advancement', 'supporting')"
"('said', 'rails', 'said')"
"('may', 'actuated', 'person')"
"('means', 'assembly', 'claim')"
"('rotation', 'supporting', 'bars')"
"('two', 'supporting', 'bars')"
"('permitting', 'outer', 'ends')"
"('said', 'bathtub', 'assembly')"
"('means', 'extends', 'downwardly')"
"('comprising', 'positioning', 'brace')"
"('legs', 'also', 'shifted')"
"('linkage', 'extending', 'upwardly')"
"('advancement', 'across', 'width')"
"('inner', 'walls', 'bathtub')"
"('side', 'bathtub', 'rails')"
"('mounted', 'advance', 'upon')"
"('person', 'may', 'washed')"
"('support', 'means', 'provided')"
"('position', 'adjacent', 'outer')"
"('adjacent', 'outer', 'side')"
"('whereby', 'seat', 'supporting')"
"('extend', 'downwardly', 'rest')"
"('brace', 'means', 'comprises')"
"('claim', 'wherein', 'said')"
"('tub', 'inner', 'sidewall')"
"('bars', 'said', 'bearings')"
"('legs', 'extend', 'downwardly')"
"('walls', 'engage', 'inner')"
"('region', 'said', 'bathtub')"
"('ends', 'said', 'support')"
"('surface', 'bathtub', 'secure')"
"('extension', 'means', 'extending')"
"('region', 'bathtub', 'said')"
"('width', 'bathtub', 'inner')"
"('side', 'said', 'bathtub')"
"('may', 'held', 'floor')"
"('dimensioned', 'span', 'width')"
"('means', 'provided', 'outer')"
"('claim', 'wherein', 'inner')"
"('side', 'seat', 'remote')"
"('ledge', 'whereby', 'rails')"
"('position', 'center', 'region')"
"('sidewall', 'provides', 'ledge')"
"('extend', 'downwardly', 'said')"
"('seat', 'assembly', 'claim')"
"('bathtub', 'said', 'seat')"
"('ends', 'assembly', 'claim')"
"('person', 'seated', 'seat')"
"('provides', 'ledge', 'wherein')"
"('bars', 'inner', 'outer')"
"('means', 'supporting', 'rails')"
"('width', 'said', 'bathtub')"
"('invalid', 'seat', 'assembly')"
"('connected', 'two', 'moveable')"
"('located', 'provide', 'axis')"
"('braces', 'mounted', 'sliding')"
"('bathtub', 'inner', 'outer')"
"('tub', 'ledge', 'contacting')"
"('seat', 'bars', 'inner')"
"('rails', 'thereby', 'shift')"
"('said', 'support', 'bars')"
"('bars', 'seat', 'seat')"
"('across', 'width', 'bathtub')"
"('assembly', 'including', 'seat')"
"('contacting', 'extension', 'means')"
"('support', 'bars', 'said')"
"('bathtub', 'assembly', 'claim')"
"('inner', 'outer', 'side')"
"('provided', 'outer', 'bathtub')"
"('support', 'means', 'comprises')"
"('supporting', 'bearings', 'fitted')"
"('supporting', 'bars', 'carrying')"
"('extending', 'ledge', 'whereby')"
"('support', 'legs', 'bars')"
"('wherein', 'one', 'wheels')"
"('upwardly', 'brake', 'means')"
"('displaced', 'use', 'assembly')"
"('claim', 'wherein', 'moveable')"
"('support', 'legs', 'also')"
"('said', 'ledge', 'assembly')"
"('inner', 'ends', 'said')"
"('brace', 'means', 'extends')"
"('actuated', 'person', 'seated')"
"('including', 'seat', 'mounted')"
"('two', 'moveable', 'seat')"
"('support', 'legs', 'provided')"
"('said', 'bathtub', 'whereat')"
"('position', 'outer', 'side')"
"('claim', 'comprising', 'positioning')"
"('inner', 'rail', 'support')"
"('whereat', 'person', 'may')"
"('floor', 'assembly', 'claim')"
"('wherein', 'supporting', 'bearings')"
"('substantially', 'inner', 'ends')"
"('means', 'comprises', 'tubular')"
"('remote', 'bathtub', 'supporting')"
"('provided', 'inner', 'bathtub')"
"('rails', 'displaced', 'use')"
"('outer', 'side', 'said')"
"('rails', 'engage', 'inside')"
"('brake', 'means', 'whereby')"
"('spacers', 'extend', 'downwardly')"
"('extends', 'downwardly', 'rails')"
"('seat', 'remote', 'bathtub')"
"('extend', 'support', 'seat')"
"('front', 'ends', 'thereof')"
"('inserted', 'said', 'penetration')"
"('prevention', 'members', 'detachable')"
"('member', 'configured', 'inserted')"
"('extend', 'bottom', 'surface')"
"('beyond', 'diameter', 'mounting')"
"('mounting', 'hole', 'faucet')"
"('members', 'turned', 'plurality')"
"('prevention', 'members', 'provided')"
"('member', 'peripheral', 'wall')"
"('plurality', 'connectors', 'faucet')"
"('wherein', 'plurality', 'connectors')"
"('member', 'engages', 'internal')"
"('nuts', 'screwed', 'onto')"
"('said', 'mounting', 'hole')"
"('member', 'defined', 'one')"
"('plurality', 'connectors', 'bolts')"
"('portion', 'said', 'tightening')"
"('bottom', 'surface', 'configured')"
"('support', 'seat', 'detachably')"
"('members', 'constructed', 'plurality')"
"('convex', 'portion', 'formed')"
"('prevention', 'members', 'therein')"
"('upper', 'surface', 'configured')"
"('connectors', 'tightening', 'member')"
"('members', 'configured', 'movable')"
"('said', 'main', 'body')"
"('configured', 'engage', 'bottom')"
"('position', 'turning', 'prevention')"
"('distance', 'spacer', 'provided')"
"('members', 'positioned', 'external')"
"('portion', 'said', 'faucet')"
"('body', 'faucet', 'support')"
"('tightening', 'member', 'inclined')"
"('faucet', 'onto', 'said')"
"('penetration', 'hole', 'fix')"
"('plurality', 'connectors', 'tightening')"
"('claim', 'wherein', 'upper')"
"('tightening', 'members', 'screwed')"
"('penetrate', 'said', 'bolts')"
"('tightening', 'members', 'inserted')"
"('ring', 'penetration', 'hole')"
"('tightening', 'members', 'inhibit')"
"('directed', 'outward', 'tightening')"
"('insertion', 'holes', 'drilled')"
"('seat', 'grip', 'base')"
"('prevention', 'members', 'positioned')"
"('said', 'cover', 'ring')"
"('plate', 'wherein', 'plurality')"
"('peripheral', 'wall', 'said')"
"('attached', 'said', 'connectors')"
"('claims', 'wherein', 'plurality')"
"('adjustable', 'portion', 'attached')"
"('holding', 'water', 'conducting')"
"('positioned', 'said', 'convex')"
"('connectors', 'two', 'bolts')"
"('wall', 'thereof', 'prevent')"
"('said', 'turning', 'prevention')"
"('hole', 'faucet', 'support')"
"('members', 'inhibit', 'said')"
"('connectors', 'configured', 'prevent')"
"('holes', 'drilled', 'said')"
"('connectors', 'maintaining', 'distance')"
"('end', 'portions', 'plurality')"
"('wherein', 'opening', 'portion')"
"('bottom', 'surface', 'base')"
"('upper', 'surface', 'tightening')"
"('members', 'contact', 'internal')"
"('directed', 'inward', 'faucet')"
"('external', 'side', 'surfaces')"
"('mounting', 'hole', 'front')"
"('configured', 'engage', 'base')"
"('faucet', 'support', 'seat')"
"('members', 'said', 'base')"
"('upper', 'surface', 'front')"
"('support', 'seat', 'plurality')"
"('positioned', 'external', 'side')"
"('end', 'portions', 'tightening')"
"('tightening', 'members', 'open')"
"('comprising', 'support', 'seat')"
"('toward', 'said', 'base')"
"('predetermined', 'position', 'turning')"
"('fixed', 'base', 'plate')"
"('members', 'detachable', 'said')"
"('outward', 'plurality', 'turning')"
"('surface', 'said', 'turning')"
"('thereby', 'supporting', 'faucet')"
"('body', 'detachable', 'said')"
"('resistance', 'said', 'tightening')"
"('said', 'spacer', 'provided')"
"('surfaces', 'said', 'turning')"
"('portion', 'lies', 'said')"
"('turned', 'plurality', 'tightening')"
"('claim', 'wherein', 'resistance')"
"('said', 'plurality', 'turning')"
"('attached', 'depending', 'upon')"
"('engaging', 'plurality', 'connectors')"
"('tightening', 'members', 'constructed')"
"('claim', 'wherein', 'guide')"
"('plurality', 'turning', 'prevention')"
"('one', 'claims', 'comprising')"
"('opened', 'beyond', 'diameter')"
"('upon', 'size', 'said')"
"('plurality', 'connectors', 'configured')"
"('portion', 'formed', 'holding')"
"('turning', 'prevention', 'member')"
"('hole', 'formed', 'base')"
"('engages', 'internal', 'surface')"
"('plate', 'attached', 'said')"
"('member', 'inclined', 'toward')"
"('support', 'seat', 'contact')"
"('connectors', 'configured', 'extend')"
"('inserted', 'mounting', 'hole')"
"('said', 'plurality', 'tightening')"
"('portion', 'formed', 'upper')"
"('loosening', 'direction', 'thereof')"
"('fixing', 'member', 'moved')"
"('configured', 'prevent', 'plurality')"
"('end', 'portion', 'handy')"
"('onto', 'said', 'base')"
"('adapter', 'member', 'lies')"
"('connectors', 'provided', 'said')"
"('attaching', 'said', 'support')"
"('mounting', 'hole', 'wherein')"
"('releasably', 'fixed', 'base')"
"('formed', 'peripheral', 'wall')"
"('thereof', 'directed', 'inward')"
"('defined', 'claim', 'wherein')"
"('fix', 'base', 'end')"
"('provide', 'resistance', 'said')"
"('therebetween', 'faucet', 'support')"
"('bottom', 'surface', 'support')"
"('distance', 'therebetween', 'faucet')"
"('constructed', 'adjustable', 'portion')"
"('member', 'moved', 'loosening')"
"('portions', 'tightening', 'members')"
"('ends', 'thereof', 'directed')"
"('member', 'upper', 'surface')"
"('holes', 'nuts', 'screwed')"
"('pivotable', 'independently', 'faucet')"
"('formed', 'upper', 'portion')"
"('bolt', 'insertion', 'holes')"
"('independently', 'faucet', 'support')"
"('said', 'water', 'conducting')"
"('front', 'end', 'portions')"
"('ends', 'said', 'tightening')"
"('support', 'seat', 'faucet')"
"('inner', 'periphery', 'surface')"
"('portion', 'attached', 'depending')"
"('surface', 'configured', 'engage')"
"('releasably', 'fix', 'faucet')"
"('members', 'inserted', 'mounting')"
"('moved', 'toward', 'bottom')"
"('seat', 'detachable', 'manner')"
"('seat', 'bottom', 'surface')"
"('main', 'body', 'faucet')"
"('curved', 'surface', 'formed')"
"('claims', 'wherein', 'opening')"
"('faucet', 'faucet', 'support')"
"('formed', 'base', 'plate')"
"('upper', 'portion', 'said')"
"('member', 'attached', 'upper')"
"('prevent', 'said', 'fixing')"
"('tightening', 'members', 'rotated')"
"('predetermined', 'position', 'faucet')"
"('tightening', 'members', 'opened')"
"('members', 'screwed', 'onto')"
"('prevention', 'members', 'coupled')"
"('mounting', 'hole', 'attaching')"
"('periphery', 'surface', 'mounting')"
"('detachable', 'said', 'support')"
"('provided', 'inner', 'surfaces')"
"('mounted', 'outer', 'periphery')"
"('said', 'connectors', 'contact')"
"('surface', 'support', 'seat')"
"('coupled', 'plurality', 'connectors')"
"('tightening', 'members', 'pivotally')"
"('support', 'member', 'releasably')"
"('attached', 'plurality', 'connectors')"
"('member', 'plurality', 'tightening')"
"('inclined', 'toward', 'said')"
"('surface', 'front', 'end')"
"('directed', 'outward', 'plurality')"
"('side', 'surface', 'said')"
"('position', 'faucet', 'support')"
"('body', 'guide', 'body')"
"('constructed', 'main', 'body')"
"('defined', 'one', 'claims')"
"('member', 'comprising', 'support')"
"('pivotally', 'attached', 'plurality')"
"('covers', 'said', 'fixing')"
"('engage', 'base', 'plate')"
"('member', 'constructed', 'adjustable')"
"('surface', 'tightening', 'member')"
"('tightening', 'members', 'turned')"
"('wherein', 'curved', 'surface')"
"('support', 'seat', 'base')"
"('support', 'seat', 'said')"
"('ring', 'pivotally', 'mounted')"
"('cover', 'ring', 'covers')"
"('wherein', 'resistance', 'portion')"
"('said', 'plurality', 'tuning')"
"('tightening', 'members', 'provided')"
"('support', 'seat', 'front')"
"('wherein', 'said', 'connectors')"
"('spacer', 'penetrate', 'said')"
"('wherein', 'buffer', 'member')"
"('tightening', 'member', 'upper')"
"('prevention', 'member', 'engages')"
"('cover', 'ring', 'fixing')"
"('provided', 'said', 'support')"
"('screwed', 'onto', 'said')"
"('said', 'penetration', 'hole')"
"('therein', 'faucet', 'support')"
"('claim', 'wherein', 'two')"
"('surface', 'mounting', 'hole')"
"('tightening', 'members', 'said')"
"('support', 'seat', 'extend')"
"('operatively', 'engaging', 'plurality')"
"('tightened', 'faucet', 'support')"
"('opening', 'portion', 'said')"
"('fixed', 'predetermined', 'position')"
"('open', 'beyond', 'diameter')"
"('hole', 'said', 'support')"
"('surfaces', 'said', 'tightening')"
"('plurality', 'tightening', 'members')"
"('support', 'seat', 'onto')"
"('configured', 'extend', 'support')"
"('surface', 'said', 'mounting')"
"('depending', 'upon', 'size')"
"('member', 'configured', 'releasably')"
"('bolts', 'faucet', 'support')"
"('turned', 'tightened', 'faucet')"
"('fix', 'faucet', 'mounting')"
"('said', 'tightening', 'members')"
"('said', 'spacer', 'penetrate')"
"('seat', 'provided', 'support')"
"('members', 'said', 'resistance')"
"('support', 'seat', 'convex')"
"('one', 'claims', 'wherein')"
"('wherein', 'upper', 'surface')"
"('seat', 'onto', 'said')"
"('bolts', 'said', 'plurality')"
"('periphery', 'said', 'support')"
"('said', 'bolts', 'said')"
"('provided', 'said', 'tightening')"
"('thereof', 'faucet', 'support')"
"('connectors', 'contact', 'internal')"
"('guide', 'body', 'said')"
"('hole', 'attaching', 'said')"
"('surfaces', 'said', 'connectors')"
"('support', 'seat', 'upper')"
"('end', 'portion', 'faucet')"
"('wherein', 'adapter', 'member')"
"('base', 'plate', 'plurality')"
"('members', 'coupled', 'plurality')"
"('said', 'base', 'plate')"
"('inserting', 'said', 'turning')"
"('seat', 'extend', 'bottom')"
"('connectors', 'front', 'end')"
"('claim', 'wherein', 'insertion')"
"('seat', 'convex', 'portion')"
"('connectors', 'faucet', 'support')"
"('members', 'faucet', 'support')"
"('said', 'resistance', 'portion')"
"('said', 'tightening', 'member')"
"('members', 'open', 'beyond')"
"('hole', 'fix', 'base')"
"('hole', 'formed', 'peripheral')"
"('members', 'therein', 'faucet')"
"('faucet', 'least', 'one')"
"('guide', 'member', 'constructed')"
"('claim', 'wherein', 'curved')"
"('members', 'moved', 'toward')"
"('wherein', 'two', 'tightening')"
"('seat', 'upper', 'surface')"
"('movable', 'along', 'plurality')"
"('said', 'faucet', 'onto')"
"('two', 'tightening', 'members')"
"('claim', 'wherein', 'said')"
"('claims', 'wherein', 'connectors')"
"('spray', 'faucet', 'support')"
"('support', 'seat', 'detachable')"
"('along', 'plurality', 'connectors')"
"('hole', 'front', 'end')"
"('said', 'opening', 'portion')"
"('said', 'guide', 'member')"
"('faucet', 'mounting', 'hole')"
"('base', 'plate', 'attached')"
"('tightening', 'members', 'directed')"
"('formed', 'holding', 'water')"
"('said', 'bolts', 'faucet')"
"('supporting', 'faucet', 'base')"
"('seat', 'said', 'cover')"
"('plate', 'wherein', 'said')"
"('wherein', 'said', 'support')"
"('buffer', 'member', 'attached')"
"('faucet', 'base', 'plate')"
"('base', 'plate', 'wherein')"
"('tightening', 'members', 'contact')"
"('inward', 'faucet', 'support')"
"('said', 'convex', 'portion')"
"('plate', 'plurality', 'connectors')"
"('set', 'connectors', 'maintaining')"
"('spacer', 'provided', 'said')"
"('plate', 'faucet', 'support')"
"('seat', 'front', 'ends')"
"('main', 'body', 'guide')"
"('seat', 'plurality', 'tightening')"
"('support', 'base', 'end')"
"('body', 'said', 'guide')"
"('guide', 'body', 'detachable')"
"('seat', 'wherein', 'said')"
"('conducting', 'pipe', 'inserted')"
"('plate', 'faucet', 'least')"
"('mounting', 'hole', 'said')"
"('said', 'fixing', 'member')"
"('support', 'seat', 'fixed')"
"('ring', 'fixing', 'member')"
"('support', 'seat', 'bottom')"
"('connectors', 'positioned', 'external')"
"('moved', 'loosening', 'direction')"
"('said', 'connectors', 'positioned')"
"('members', 'contact', 'front')"
"('tightening', 'members', 'faucet')"
"('hole', 'wherein', 'plurality')"
"('set', 'connectors', 'detachable')"
"('member', 'defined', 'claim')"
"('configured', 'releasably', 'fix')"
"('resistance', 'portion', 'formed')"
"('surface', 'formed', 'upper')"
"('resistance', 'portion', 'lies')"
"('distance', 'pivotable', 'independently')"
"('portions', 'plurality', 'tightening')"
"('penetration', 'hole', 'formed')"
"('members', 'provided', 'said')"
"('maintaining', 'distance', 'therebetween')"
"('support', 'member', 'fixed')"
"('thereof', 'prevent', 'said')"
"('contact', 'front', 'ends')"
"('members', 'provided', 'inner')"
"('portion', 'thereof', 'faucet')"
"('wherein', 'said', 'cover')"
"('manner', 'faucet', 'support')"
"('plurality', 'connectors', 'provided')"
"('member', 'constructed', 'main')"
"('direction', 'thereof', 'faucet')"
"('seat', 'faucet', 'support')"
"('comprising', 'cover', 'ring')"
"('members', 'turned', 'tightened')"
"('engaged', 'said', 'base')"
"('said', 'spacer', 'inserting')"
"('configured', 'movable', 'along')"
"('inner', 'surfaces', 'said')"
"('spacer', 'provided', 'set')"
"('plurality', 'connectors', 'positioned')"
"('directed', 'inward', 'plurality')"
"('contact', 'inner', 'periphery')"
"('prevention', 'members', 'contact')"
"('connectors', 'base', 'end')"
"('contact', 'internal', 'surface')"
"('support', 'member', 'defined')"
"('drilled', 'said', 'spacer')"
"('detachable', 'said', 'main')"
"('tightening', 'members', 'configured')"
"('member', 'fixed', 'base')"
"('base', 'end', 'portion')"
"('attached', 'upper', 'portion')"
"('constructed', 'plurality', 'tightening')"
"('provided', 'support', 'base')"
"('tightening', 'member', 'plurality')"
"('rotated', 'directed', 'outward')"
"('connectors', 'bolts', 'said')"
"('said', 'bolt', 'insertion')"
"('outward', 'tightening', 'members')"
"('end', 'portion', 'thereof')"
"('seat', 'fixed', 'predetermined')"
"('handy', 'spray', 'faucet')"
"('portion', 'faucet', 'support')"
"('least', 'one', 'base')"
"('side', 'surfaces', 'said')"
"('faucet', 'support', 'member')"
"('detachable', 'said', 'plurality')"
"('front', 'ends', 'said')"
"('said', 'faucet', 'faucet')"
"('members', 'opened', 'beyond')"
"('said', 'connectors', 'base')"
"('plurality', 'connectors', 'two')"
"('member', 'constructed', 'detachable')"
"('claim', 'wherein', 'adapter')"
"('seat', 'contact', 'inner')"
"('plurality', 'connectors', 'front')"
"('connectors', 'detachable', 'manner')"
"('configured', 'inserted', 'said')"
"('claim', 'wherein', 'plurality')"
"('wherein', 'plurality', 'tightening')"
"('wherein', 'said', 'plurality')"
"('wherein', 'said', 'spacer')"
"('seat', 'separated', 'distance')"
"('claim', 'wherein', 'buffer')"
"('support', 'seat', 'wherein')"
"('said', 'support', 'seat')"
"('mounting', 'hole', 'formed')"
"('separated', 'distance', 'spacer')"
"('fixing', 'member', 'peripheral')"
"('pipe', 'inserted', 'said')"
"('support', 'seat', 'separated')"
"('bolts', 'said', 'bolt')"
"('wherein', 'guide', 'member')"
"('surface', 'base', 'plate')"
"('guide', 'member', 'provided')"
"('hole', 'plurality', 'tightening')"
"('diameter', 'mounting', 'hole')"
"('connectors', 'positioned', 'said')"
"('external', 'side', 'surface')"
"('inserted', 'said', 'opening')"
"('tightening', 'members', 'moved')"
"('inward', 'plurality', 'tightening')"
"('seat', 'detachably', 'engaged')"
"('support', 'seat', 'provided')"
"('provided', 'set', 'connectors')"
"('seat', 'base', 'end')"
"('wherein', 'connectors', 'positioned')"
"('support', 'member', 'comprising')"
"('engage', 'bottom', 'surface')"
"('mounting', 'hole', 'thereby')"
"('convex', 'portion', 'faucet')"
"('insertion', 'bore', 'drilled')"
"('support', 'member', 'configured')"
"('portion', 'handy', 'spray')"
"('wall', 'said', 'cover')"
"('tuning', 'members', 'positioned')"
"('toward', 'bottom', 'surface')"
"('one', 'base', 'end')"
"('claims', 'wherein', 'said')"
"('two', 'bolts', 'faucet')"
"('portion', 'said', 'support')"
"('mounting', 'hole', 'plurality')"
"('insertion', 'holes', 'nuts')"
"('spacer', 'inserting', 'said')"
"('said', 'plurality', 'connectors')"
"('prevention', 'members', 'operatively')"
"('claims', 'comprising', 'cover')"
"('plate', 'provide', 'resistance')"
"('front', 'end', 'portion')"
"('wherein', 'insertion', 'bore')"
"('water', 'conducting', 'pipe')"
"('prevent', 'plurality', 'tightening')"
"('size', 'said', 'mounting')"
"('wherein', 'said', 'turning')"
"('end', 'portion', 'said')"
"('plurality', 'tuning', 'members')"
"('detachable', 'manner', 'faucet')"
"('inhibit', 'said', 'water')"
"('base', 'plate', 'faucet')"
"('onto', 'said', 'bolts')"
"('separated', 'distance', 'pivotable')"
"('members', 'pivotally', 'attached')"
"('inserted', 'said', 'support')"
"('members', 'operatively', 'engaging')"
"('bore', 'drilled', 'said')"
"('wherein', 'said', 'guide')"
"('members', 'directed', 'outward')"
"('peripheral', 'wall', 'thereof')"
"('hole', 'plurality', 'turning')"
"('onto', 'said', 'support')"
"('outer', 'periphery', 'said')"
"('internal', 'surface', 'said')"
"('members', 'directed', 'inward')"
"('members', 'rotated', 'directed')"
"('cover', 'ring', 'pivotally')"
"('hole', 'thereby', 'supporting')"
"('turning', 'prevention', 'members')"
"('fixing', 'member', 'configured')"
"('ring', 'covers', 'said')"
"('support', 'seat', 'grip')"
"('detachably', 'engaged', 'said')"
"('bolts', 'bolt', 'insertion')"
"('lies', 'said', 'tightening')"
"('pivotally', 'mounted', 'outer')"
"('cover', 'ring', 'penetration')"
"('member', 'releasably', 'fixed')"
"('member', 'lies', 'said')"
"('member', 'provided', 'said')"
"('base', 'plate', 'provide')"
"('plate', 'bottom', 'surface')"
"('base', 'plate', 'bottom')"
"('lies', 'said', 'support')"
"('said', 'guide', 'body')"
"('constructed', 'detachable', 'said')"
"('two', 'bolts', 'bolt')"
"('grip', 'base', 'plate')"
"('side', 'wall', 'inward')"
"('elastic', 'permeable', 'material')"
"('process', 'seat', 'comprising')"
"('wherein', 'belt', 'comprises')"
"('wall', 'inward', 'rim')"
"('side', 'wall', 'meets')"
"('removably', 'attached', 'side')"
"('forth', 'claim', 'wherein')"
"('wall', 'meets', 'upper')"
"('material', 'seat', 'set')"
"('side', 'wall', 'includes')"
"('wherein', 'bottom', 'side')"
"('rubber', 'synthetic', 'foam')"
"('material', 'least', 'one')"
"('polystyrene', 'balls', 'seat')"
"('seat', 'envelope', 'type')"
"('comprising', 'least', 'one')"
"('upper', 'walls', 'wherein')"
"('inward', 'rim', 'located')"
"('wall', 'impermeable', 'made')"
"('containing', 'incompressible', 'filling')"
"('wherein', 'incompressible', 'filling')"
"('incompressible', 'filling', 'pieces')"
"('rim', 'made', 'material')"
"('claim', 'wherein', 'side')"
"('comprising', 'upper', 'wall')"
"('envelope', 'containing', 'incompressible')"
"('least', 'portion', 'upper')"
"('type', 'comprising', 'upper')"
"('attached', 'side', 'wall')"
"('side', 'upper', 'walls')"
"('upper', 'wall', 'seat')"
"('joined', 'together', 'sewing')"
"('wherein', 'bottom', 'wall')"
"('together', 'sewing', 'process')"
"('form', 'envelope', 'containing')"
"('inextensible', 'material', 'seat')"
"('material', 'side', 'wall')"
"('bottom', 'side', 'upper')"
"('wall', 'sheet', 'inextensible')"
"('rigid', 'panel', 'seat')"
"('including', 'upper', 'wall')"
"('made', 'material', 'side')"
"('homogenous', 'material', 'seat')"
"('filling', 'pieces', 'occupying')"
"('claim', 'wherein', 'belt')"
"('one', 'belt', 'removably')"
"('selected', 'group', 'consisting')"
"('semirigid', 'material', 'least')"
"('claim', 'wherein', 'homogenous')"
"('rigid', 'semirigid', 'material')"
"('made', 'elastic', 'permeable')"
"('belt', 'comprises', 'ring')"
"('side', 'wall', 'seat')"
"('filling', 'pieces', 'comprise')"
"('pieces', 'seat', 'set')"
"('upper', 'wall', 'made')"
"('comprises', 'inflatable', 'ring')"
"('belt', 'comprises', 'inflatable')"
"('wall', 'seat', 'set')"
"('defined', 'bottom', 'side')"
"('seat', 'set', 'forth')"
"('consisting', 'rubber', 'synthetic')"
"('upper', 'walls', 'joined')"
"('joined', 'together', 'form')"
"('set', 'forth', 'claim')"
"('bottom', 'wall', 'side')"
"('one', 'envelope', 'including')"
"('group', 'consisting', 'rubber')"
"('ring', 'homogenous', 'material')"
"('material', 'selected', 'group')"
"('comprises', 'ring', 'homogenous')"
"('occupying', 'space', 'defined')"
"('wall', 'side', 'wall')"
"('least', 'one', 'belt')"
"('belt', 'comprises', 'rigid')"
"('envelope', 'including', 'upper')"
"('wall', 'made', 'elastic')"
"('comprises', 'rigid', 'panel')"
"('side', 'wall', 'impermeable')"
"('sheet', 'inextensible', 'material')"
"('located', 'side', 'wall')"
"('material', 'least', 'portion')"
"('rim', 'located', 'side')"
"('upper', 'wall', 'bottom')"
"('permeable', 'material', 'seat')"
"('side', 'wall', 'sheet')"
"('wherein', 'homogenous', 'material')"
"('wall', 'bottom', 'wall')"
"('panel', 'seat', 'set')"
"('seat', 'comprising', 'least')"
"('made', 'rigid', 'semirigid')"
"('meets', 'upper', 'wall')"
"('sewing', 'process', 'seat')"
"('bottom', 'wall', 'sheet')"
"('homogenous', 'material', 'selected')"
"('claim', 'wherein', 'bottom')"
"('belt', 'removably', 'attached')"
"('walls', 'joined', 'together')"
"('space', 'defined', 'bottom')"
"('balls', 'seat', 'set')"
"('foam', 'seat', 'set')"
"('envelope', 'type', 'comprising')"
"('walls', 'wherein', 'bottom')"
"('permeable', 'material', 'least')"
"('together', 'form', 'envelope')"
"('portion', 'upper', 'wall')"
"('comprise', 'polystyrene', 'balls')"
"('side', 'wall', 'incompressible')"
"('pieces', 'occupying', 'space')"
"('impermeable', 'made', 'rigid')"
"('wall', 'includes', 'inward')"
"('wall', 'incompressible', 'filling')"
"('least', 'one', 'envelope')"
"('inward', 'rim', 'made')"
"('includes', 'inward', 'rim')"
"('wherein', 'side', 'wall')"
"('pieces', 'comprise', 'polystyrene')"
"('claim', 'wherein', 'incompressible')"
"('filling', 'pieces', 'seat')"
"('synthetic', 'foam', 'seat')"
"('cross', 'sectional', 'area')"
"('area', 'tire', 'cross')"
"('portion', 'porous', 'sleep')"
"('least', 'measured', 'meter')"
"('air', 'flows', 'porous')"
"('air', 'holes', 'sufficient')"
"('plurality', 'holes', 'therein')"
"('covering', 'area', 'concentrator')"
"('concentrated', 'portion', 'air')"
"('sectional', 'area', 'ratio')"
"('accumulated', 'portion', 'air')"
"('rate', 'method', 'according')"
"('covering', 'portion', 'porous')"
"('area', 'concentrator', 'cross')"
"('wherein', 'ratio', 'ventilated')"
"('flow', 'effective', 'dissipate')"
"('surface', 'concentrating', 'accumulated')"
"('sectional', 'area', 'range')"
"('ratio', 'method', 'according')"
"('accumulator', 'covering', 'area')"
"('system', 'including', 'porous')"
"('measuring', 'airflow', 'rate')"
"('range', 'method', 'according')"
"('sleep', 'surface', 'air')"
"('produce', 'flow', 'rate')"
"('measured', 'meter', 'ventilated')"
"('surface', 'includes', 'plurality')"
"('method', 'measuring', 'airflow')"
"('area', 'whereby', 'air')"
"('wherein', 'ratio', 'method')"
"('sleep', 'surface', 'method')"
"('air', 'flow', 'said')"
"('concentrator', 'measuring', 'airflow')"
"('air', 'method', 'according')"
"('sleep', 'surface', 'system')"
"('method', 'comprising', 'covering')"
"('holes', 'therein', 'fan')"
"('including', 'porous', 'cover')"
"('said', 'porous', 'cover')"
"('area', 'wherein', 'ratio')"
"('airflow', 'rate', 'comprises')"
"('porous', 'sleep', 'surface')"
"('covering', 'area', 'tire')"
"('measured', 'airflow', 'rate')"
"('bedding', 'disposed', 'porous')"
"('measuring', 'airflow', 'porous')"
"('sleep', 'surface', 'ventilated')"
"('measured', 'meter', 'accumulator')"
"('wherein', 'measuring', 'airflow')"
"('plurality', 'holes', 'wherein')"
"('ventilated', 'sleep', 'surface')"
"('area', 'ratio', 'covering')"
"('cover', 'said', 'porous')"
"('air', 'flow', 'effective')"
"('tire', 'cross', 'sectional')"
"('area', 'cross', 'sectional')"
"('rate', 'measured', 'meter')"
"('wherein', 'accumulator', 'covering')"
"('dissipate', 'ventilated', 'sleep')"
"('portion', 'air', 'flows')"
"('surface', 'system', 'including')"
"('flow', 'rate', 'measured')"
"('late', 'measured', 'meter')"
"('airflow', 'rate', 'ventilated')"
"('wherein', 'flow', 'air')"
"('ratio', 'covering', 'area')"
"('porous', 'cover', 'said')"
"('sectional', 'area', 'wherein')"
"('sufficient', 'produce', 'flow')"
"('portion', 'air', 'method')"
"('porous', 'cover', 'including')"
"('meter', 'ventilated', 'sleep')"
"('surface', 'method', 'according')"
"('fan', 'producing', 'air')"
"('claim', 'wherein', 'porous')"
"('concentrating', 'accumulated', 'portion')"
"('claim', 'wherein', 'ratio')"
"('holes', 'wherein', 'flow')"
"('surface', 'system', 'according')"
"('claim', 'wherein', 'measured')"
"('rate', 'comprises', 'measuring')"
"('claim', 'wherein', 'accumulator')"
"('area', 'range', 'method')"
"('holes', 'therein', 'method')"
"('system', 'method', 'comprising')"
"('claim', 'wherein', 'flow')"
"('wherein', 'porous', 'sleep')"
"('surface', 'system', 'method')"
"('surface', 'air', 'accumulator')"
"('covering', 'area', 'cross')"
"('airflow', 'rate', 'concentrated')"
"('sleep', 'surface', 'concentrating')"
"('claim', 'wherein', 'measuring')"
"('airflow', 'rate', 'method')"
"('method', 'according', 'claim')"
"('portion', 'air', 'concentrator')"
"('accumulator', 'accumulates', 'portion')"
"('system', 'according', 'claim')"
"('airflow', 'porous', 'sleep')"
"('whereby', 'air', 'flow')"
"('said', 'plurality', 'holes')"
"('according', 'claim', 'wherein')"
"('surface', 'ventilated', 'sleep')"
"('rate', 'concentrated', 'portion')"
"('concentrator', 'cross', 'sectional')"
"('wherein', 'ratio', 'covering')"
"('comprising', 'covering', 'portion')"
"('accumulates', 'portion', 'air')"
"('ratio', 'ventilated', 'sleep')"
"('producing', 'air', 'flow')"
"('comprises', 'measuring', 'airflow')"
"('includes', 'plurality', 'holes')"
"('flows', 'porous', 'sleep')"
"('rate', 'bedding', 'disposed')"
"('air', 'concentrator', 'measuring')"
"('including', 'plurality', 'holes')"
"('airflow', 'rate', 'bedding')"
"('flow', 'said', 'plurality')"
"('wherein', 'measured', 'airflow')"
"('rate', 'least', 'measured')"
"('holes', 'sufficient', 'produce')"
"('disposed', 'porous', 'sleep')"
"('rate', 'ventilated', 'sleep')"
"('therein', 'fan', 'producing')"
"('flow', 'air', 'holes')"
"('meter', 'accumulator', 'covering')"
"('sectional', 'area', 'whereby')"
"('flow', 'rate', 'least')"
"('flow', 'late', 'measured')"
"('produce', 'flow', 'late')"
"('sleep', 'surface', 'includes')"
"('air', 'accumulator', 'accumulates')"
"('cover', 'including', 'plurality')"
"('therein', 'method', 'according')"
"('effective', 'dissipate', 'ventilated')"
"('edge', 'said', 'apparatus')"
"('chemical', 'comprises', 'NH4OH')"
"('least', 'one', 'chemical')"
"('comprising', 'jet', 'propelling')"
"('substrate', 'apparatus', 'defined')"
"('semiconductor', 'wafer', 'second')"
"('area', 'contact', 'semiconductor')"
"('roller', 'configured', 'rotate')"
"('speed', 'faster', 'rotational')"
"('semiconductor', 'wafer', 'first')"
"('cleaning', 'semiconductor', 'wafer')"
"('PVA', 'scrubber', 'defined')"
"('apparatus', 'cleaning', 'semiconductor')"
"('different', 'first', 'speed')"
"('pad', 'scrubber', 'defined')"
"('first', 'roller', 'generating')"
"('second', 'speed', 'faster')"
"('polyurethane', 'scrubbing', 'apparatus')"
"('semiconductor', 'substrate', 'second')"
"('rotate', 'direction', 'second')"
"('rotates', 'semiconductor', 'substrate')"
"('poly', 'vinyl', 'alcohol')"
"('bevel', 'area', 'due')"
"('edge', 'comprising', 'first')"
"('chemical', 'point', 'contact')"
"('comprises', 'pad', 'apparatus')"
"('roller', 'scrubber', 'defined')"
"('nylon', 'scrubber', 'defined')"
"('particles', 'bevel', 'area')"
"('bevel', 'area', 'semiconductor')"
"('mechanism', 'comprises', 'water')"
"('first', 'speed', 'scrubber')"
"('speed', 'approximately', 'times')"
"('includes', 'least', 'one')"
"('roller', 'rotates', 'semiconductor')"
"('approximately', 'times', 'rotational')"
"('comprises', 'abrasive', 'material')"
"('difference', 'tangential', 'velocity')"
"('wherein', 'rotational', 'speed')"
"('area', 'second', 'roller')"
"('second', 'roller', 'configured')"
"('roller', 'edge', 'semiconductor')"
"('least', 'one', 'bevel')"
"('second', 'roller', 'rotates')"
"('abrasive', 'material', 'apparatus')"
"('comprising', 'first', 'roller')"
"('first', 'speed', 'contacts')"
"('point', 'contact', 'side')"
"('first', 'roller', 'edge')"
"('second', 'roller', 'comprises')"
"('rotational', 'speed', 'second')"
"('claim', 'comprising', 'jet')"
"('scrubber', 'defined', 'claim')"
"('material', 'comprises', 'nylon')"
"('alcohol', 'PVA', 'scrubber')"
"('contact', 'side', 'scrubbing')"
"('rotational', 'speed', 'first')"
"('wafer', 'cleaned', 'due')"
"('comprises', 'polyurethane', 'apparatus')"
"('material', 'comprises', 'pad')"
"('due', 'friction', 'difference')"
"('claim', 'wherein', 'edge')"
"('wherein', 'first', 'roller')"
"('edge', 'cleaning', 'semiconductor')"
"('first', 'speed', 'second')"
"('wherein', 'said', 'least')"
"('comprises', 'polyurethane', 'scrubber')"
"('first', 'roller', 'approximately')"
"('cleaning', 'semiconductor', 'substrate')"
"('claim', 'wherein', 'rotational')"
"('speed', 'facilitate', 'edge')"
"('speed', 'contacts', 'edge')"
"('area', 'semiconductor', 'wafer')"
"('rotating', 'semiconductor', 'wafer')"
"('edge', 'cleaned', 'due')"
"('second', 'speed', 'approximately')"
"('comprises', 'apparatus', 'defined')"
"('wafer', 'second', 'roller')"
"('apparatus', 'defined', 'claim')"
"('propelling', 'water', 'area')"
"('due', 'friction', 'edge')"
"('tangential', 'velocity', 'apparatus')"
"('PVA', 'apparatus', 'defined')"
"('material', 'comprises', 'poly')"
"('semiconductor', 'substrate', 'includes')"
"('second', 'speed', 'facilitate')"
"('semiconductor', 'substrate', 'apparatus')"
"('wherein', 'mechanism', 'edge')"
"('velocity', 'point', 'contact')"
"('scrubbing', 'edge', 'cleaning')"
"('second', 'speed', 'different')"
"('friction', 'edge', 'abrasive')"
"('rotate', 'direction', 'first')"
"('rotational', 'speed', 'faster')"
"('faster', 'first', 'speed')"
"('first', 'roller', 'configured')"
"('speed', 'faster', 'first')"
"('wherein', 'edge', 'semiconductor')"
"('approximately', 'times', 'first')"
"('wherein', 'cleaning', 'mechanism')"
"('substrate', 'includes', 'least')"
"('defined', 'claim', 'comprising')"
"('scrubber', 'scrubbing', 'semiconductor')"
"('area', 'due', 'difference')"
"('cleans', 'said', 'least')"
"('scrubbing', 'semiconductor', 'wafer')"
"('roller', 'cleaning', 'edge')"
"('speed', 'second', 'roller')"
"('cleaned', 'due', 'friction')"
"('semiconductor', 'substrate', 'edge')"
"('claim', 'wherein', 'rollers')"
"('substrate', 'second', 'roller')"
"('comprises', 'nylon', 'scrubber')"
"('times', 'first', 'speed')"
"('edge', 'cleans', 'particles')"
"('polyurethane', 'apparatus', 'defined')"
"('nylon', 'apparatus', 'defined')"
"('comprises', 'poly', 'vinyl')"
"('speed', 'scrubber', 'defined')"
"('bevel', 'area', 'second')"
"('direction', 'second', 'speed')"
"('semiconductor', 'wafer', 'scrubber')"
"('first', 'roller', 'clearing')"
"('wherein', 'semiconductor', 'substrate')"
"('direction', 'first', 'roller')"
"('abrasive', 'material', 'first')"
"('mechanism', 'edge', 'cleans')"
"('one', 'chemical', 'point')"
"('contact', 'semiconductor', 'wafer')"
"('point', 'contact', 'semiconductor')"
"('water', 'area', 'contact')"
"('chemical', 'comprises', 'apparatus')"
"('cleaning', 'mechanism', 'comprises')"
"('abrasive', 'material', 'comprises')"
"('direction', 'first', 'speed')"
"('said', 'apparatus', 'comprising')"
"('due', 'difference', 'tangential')"
"('one', 'bevel', 'area')"
"('comprises', 'polyurethane', 'scrubbing')"
"('pad', 'apparatus', 'defined')"
"('abrasive', 'material', 'scrubber')"
"('substrate', 'edge', 'said')"
"('polyurethane', 'scrubber', 'scrubbing')"
"('material', 'comprises', 'polyurethane')"
"('alcohol', 'PVA', 'apparatus')"
"('edge', 'semiconductor', 'substrate')"
"('first', 'roller', 'scrubber')"
"('wafer', 'scrubber', 'defined')"
"('claim', 'comprising', 'water')"
"('roller', 'second', 'speed')"
"('roller', 'comprises', 'abrasive')"
"('water', 'jet', 'propelling')"
"('configured', 'rotate', 'direction')"
"('cleaned', 'due', 'difference')"
"('comprises', 'pad', 'scrubber')"
"('speed', 'different', 'first')"
"('apparatus', 'comprising', 'first')"
"('claim', 'wherein', 'said')"
"('propelling', 'least', 'one')"
"('semiconductor', 'wafer', 'edge')"
"('scrubbing', 'semiconductor', 'substrate')"
"('second', 'roller', 'cleans')"
"('cleans', 'particles', 'bevel')"
"('claim', 'wherein', 'semiconductor')"
"('roller', 'approximately', 'times')"
"('semiconductor', 'wafer', 'cleaned')"
"('roller', 'cleans', 'said')"
"('rotates', 'direction', 'first')"
"('generating', 'friction', 'edge')"
"('wafer', 'first', 'roller')"
"('said', 'least', 'one')"
"('first', 'roller', 'cleaning')"
"('comprises', 'water', 'jet')"
"('comprises', 'nylon', 'apparatus')"
"('roller', 'clearing', 'edge')"
"('first', 'roller', 'second')"
"('faster', 'rotational', 'speed')"
"('scrubbing', 'apparatus', 'cleaning')"
"('contacts', 'edge', 'semiconductor')"
"('facilitate', 'edge', 'cleaning')"
"('times', 'rotational', 'speed')"
"('rollers', 'comprise', 'abrasive')"
"('velocity', 'apparatus', 'defined')"
"('cleaning', 'edge', 'semiconductor')"
"('tangential', 'velocity', 'point')"
"('first', 'roller', 'rotational')"
"('wherein', 'second', 'roller')"
"('material', 'apparatus', 'defined')"
"('material', 'first', 'roller')"
"('material', 'scrubber', 'defined')"
"('second', 'roller', 'rotating')"
"('substrate', 'edge', 'cleaned')"
"('claim', 'wherein', 'mechanism')"
"('jet', 'propelling', 'water')"
"('wafer', 'edge', 'comprising')"
"('roller', 'rotates', 'direction')"
"('wherein', 'rollers', 'comprise')"
"('side', 'scrubbing', 'edge')"
"('comprise', 'abrasive', 'material')"
"('side', 'scrubbing', 'semiconductor')"
"('edge', 'abrasive', 'material')"
"('edge', 'semiconductor', 'wafer')"
"('speed', 'first', 'roller')"
"('propelling', 'water', 'point')"
"('contact', 'semiconductor', 'substrate')"
"('roller', 'rotating', 'semiconductor')"
"('first', 'roller', 'rotates')"
"('comprising', 'water', 'jet')"
"('defined', 'claim', 'wherein')"
"('claim', 'wherein', 'cleaning')"
"('friction', 'difference', 'tangential')"
"('semiconductor', 'substrate', 'first')"
"('one', 'chemical', 'comprises')"
"('first', 'roller', 'comprises')"
"('claim', 'wherein', 'abrasive')"
"('claim', 'wherein', 'first')"
"('second', 'roller', 'apparatus')"
"('wherein', 'second', 'speed')"
"('roller', 'generating', 'friction')"
"('clearing', 'edge', 'semiconductor')"
"('substrate', 'first', 'speed')"
"('jet', 'propelling', 'least')"
"('roller', 'rotational', 'speed')"
"('claim', 'wherein', 'second')"
"('wherein', 'abrasive', 'material')"
"('roller', 'apparatus', 'defined')"
"('water', 'point', 'contact')"
"('vinyl', 'alcohol', 'PVA')"
