"('cleaned', 'due', 'difference')",1
"('support', 'bars', 'said')",1
"('comprising', 'protector', 'cover')",1
"('convertible', 'first', 'second')",1
"('said', 'covering', 'member')",1
"('approximately', 'times', 'first')",1
"('one', 'adhesive', 'section')",1
"('foam', 'seat', 'set')",1
"('wall', 'aperture', 'jet')",1
"('including', 'upper', 'wall')",1
"('claim', 'wherein', 'semiconductor')",1
"('control', 'means', 'adjusting')",1
"('flowing', 'said', 'nozzle')",1
"('ends', 'bars', 'elevated')",1
"('substantially', 'water', 'resistant')",1
"('rim', 'located', 'side')",1
"('support', 'member', 'defined')",1
"('outer', 'bathtub', 'side')",1
"('consisting', 'rubber', 'synthetic')",1
"('support', 'seat', 'detachably')",1
"('therein', 'faucet', 'support')",1
"('relative', 'said', 'wall')",1
"('material', 'comprises', 'polyurethane')",1
"('contact', 'side', 'scrubbing')",1
"('substrate', 'apparatus', 'defined')",1
"('nozzle', 'tube', 'plurality')",1
"('may', 'washed', 'showered')",1
"('articulatable', 'non', 'rotating')",1
"('said', 'nozzle', 'plurality')",1
"('stream', 'said', 'nozzle')",1
"('flow', 'rate', 'least')",1
"('handy', 'spray', 'faucet')",1
"('position', 'outer', 'side')",1
"('mounted', 'sliding', 'advancement')",1
"('one', 'arm', 'portion')",1
"('due', 'friction', 'difference')",1
"('material', 'said', 'cushioning')",1
"('seat', 'onto', 'said')",1
"('device', 'protecting', 'perineum')",1
"('wherein', 'said', 'positioning')",1
"('independently', 'faucet', 'support')",1
"('said', 'rails', 'said')",1
"('filling', 'pieces', 'occupying')",1
"('convex', 'portion', 'formed')",1
"('seat', 'convex', 'portion')",1
"('constructed', 'detachable', 'said')",1
"('air', 'accumulator', 'accumulates')",1
"('elastic', 'permeable', 'material')",1
"('non', 'rotatable', 'nozzle')",1
"('assembly', 'claim', 'combination')",1
"('enclosure', 'non', 'rotatable')",1
"('members', 'operatively', 'engaging')",1
"('means', 'extending', 'ledge')",1
"('pouch', 'top', 'end')",1
"('ratio', 'ventilated', 'sleep')",1
"('positioned', 'center', 'region')",1
"('main', 'body', 'faucet')",1
"('seat', 'assembly', 'including')",1
"('detachable', 'said', 'plurality')",1
"('tearable', 'perforation', 'torn')",1
"('assembly', 'directable', 'stationary')",1
"('canted', 'apertures', 'passing')",1
"('PVA', 'scrubber', 'defined')",1
"('faster', 'first', 'speed')",1
"('water', 'air', 'separated')",1
"('times', 'first', 'speed')",1
"('first', 'speed', 'contacts')",1
"('including', 'adhesive', 'section')",1
"('legs', 'extend', 'downwardly')",1
"('side', 'upper', 'walls')",1
"('one', 'body', 'part')",1
"('seat', 'bars', 'inner')",1
"('support', 'seat', 'grip')",1
"('height', 'generally', 'inch')",1
"('member', 'engages', 'internal')",1
"('part', 'portions', 'communication')",1
"('support', 'seat', 'plurality')",1
"('enclose', 'feet', 'user')",1
"('selectively', 'extended', 'said')",1
"('tightening', 'member', 'plurality')",1
"('actuated', 'person', 'seated')",1
"('faucet', 'mounting', 'hole')",1
"('semiconductor', 'substrate', 'apparatus')",1
"('front', 'edge', 'back')",1
"('plate', 'bottom', 'surface')",1
"('cover', 'pouch', 'top')",1
"('said', 'securing', 'means')",1
"('base', 'plate', 'bottom')",1
"('manner', 'selective', 'conversion')",1
"('semiconductor', 'wafer', 'cleaned')",1
"('portion', 'covers', 'ankle')",1
"('wall', 'seat', 'set')",1
"('joined', 'together', 'form')",1
"('membrane', 'perineum', 'protecting')",1
"('wherein', 'semiconductor', 'substrate')",1
"('provided', 'inner', 'bathtub')",1
"('bevel', 'area', 'semiconductor')",1
"('shift', 'seat', 'position')",1
"('second', 'end', 'portion')",1
"('tightening', 'members', 'faucet')",1
"('rotary', 'face', 'said')",1
"('outer', 'side', 'bathtub')",1
"('membrane', 'comprises', 'cloth')",1
"('sleep', 'surface', 'ventilated')",1
"('claim', 'wherein', 'ratio')",1
"('front', 'portion', 'main')",1
"('alcohol', 'PVA', 'apparatus')",1
"('means', 'removably', 'holding')",1
"('panel', 'width', 'generally')",1
"('positioned', 'second', 'end')",1
"('configuration', 'said', 'rotary')",1
"('sock', 'comprises', 'toe')",1
"('feet', 'portion', 'substantially')",1
"('rails', 'displaced', 'use')",1
"('outer', 'ends', 'bars')",1
"('holding', 'water', 'conducting')",1
"('provide', 'resistance', 'said')",1
"('brake', 'means', 'whereby')",1
"('members', 'screwed', 'onto')",1
"('securing', 'means', 'removably')",1
"('person', 'seated', 'seat')",1
"('wherein', 'ratio', 'covering')",1
"('coupled', 'said', 'nozzle')",1
"('edge', 'comprising', 'first')",1
"('roller', 'cleaning', 'edge')",1
"('bolts', 'said', 'plurality')",1
"('strap', 'tear', 'end')",1
"('plate', 'provide', 'resistance')",1
"('another', 'said', 'body')",1
"('member', 'said', 'elongate')",1
"('claim', 'wherein', 'abrasive')",1
"('wall', 'thereof', 'prevent')",1
"('inner', 'walls', 'bathtub')",1
"('bathtub', 'inner', 'walls')",1
"('front', 'back', 'formed')",1
"('removal', 'protector', 'neck')",1
"('plurality', 'canted', 'apertures')",1
"('turning', 'prevention', 'member')",1
"('removably', 'abutting', 'said')",1
"('porous', 'sleep', 'surface')",1
"('holes', 'drilled', 'said')",1
"('wherein', 'said', 'support')",1
"('tearable', 'perforation', 'adhesive')",1
"('provided', 'support', 'base')",1
"('said', 'guide', 'body')",1
"('said', 'rotating', 'apertures')",1
"('selective', 'conversion', 'said')",1
"('wall', 'bottom', 'wall')",1
"('mounting', 'hole', 'front')",1
"('surface', 'system', 'according')",1
"('bicycle', 'prevent', 'damage')",1
"('nozzle', 'tube', 'said')",1
"('engage', 'inner', 'walls')",1
"('made', 'material', 'side')",1
"('wherein', 'buffer', 'member')",1
"('body', 'detachable', 'said')",1
"('middle', 'portion', 'comprising')",1
"('two', 'bolts', 'faucet')",1
"('face', 'said', 'rotary')",1
"('said', 'eyeball', 'rotary')",1
"('comprising', 'first', 'loop')",1
"('first', 'second', 'end')",1
"('wherein', 'main', 'body')",1
"('body', 'part', 'portion')",1
"('cleaning', 'semiconductor', 'wafer')",1
"('substrate', 'edge', 'cleaned')",1
"('hole', 'formed', 'base')",1
"('support', 'means', 'comprises')",1
"('ends', 'said', 'tightening')",1
"('ends', 'connected', 'two')",1
"('first', 'loop', 'member')",1
"('ends', 'thereof', 'directed')",1
"('said', 'bars', 'permitting')",1
"('air', 'concentrator', 'measuring')",1
"('arm', 'portion', 'releasably')",1
"('hole', 'plurality', 'tightening')",1
"('joinable', 'adhesive', 'section')",1
"('secure', 'rails', 'displaced')",1
"('first', 'roller', 'rotational')",1
"('draw', 'said', 'least')",1
"('means', 'engaging', 'opposite')",1
"('periphery', 'said', 'support')",1
"('sleep', 'surface', 'includes')",1
"('attached', 'said', 'first')",1
"('jet', 'assembly', 'recited')",1
"('bathtub', 'side', 'outer')",1
"('side', 'inner', 'rail')",1
"('said', 'directable', 'stationary')",1
"('flow', 'said', 'nozzle')",1
"('comprising', 'foamed', 'elastomeric')",1
"('tightening', 'members', 'moved')",1
"('inner', 'outer', 'side')",1
"('said', 'second', 'end')",1
"('rotate', 'direction', 'second')",1
"('said', 'panel', 'orientated')",1
"('hole', 'thereby', 'supporting')",1
"('covering', 'membrane', 'comprising')",1
"('said', 'cushioning', 'material')",1
"('generally', 'inch', 'inches')",1
"('side', 'edge', 'positioned')",1
"('claim', 'wherein', 'zip')",1
"('water', 'proof', 'seal')",1
"('peripheral', 'wall', 'thereof')",1
"('moveable', 'seat', 'support')",1
"('portions', 'communication', 'attached')",1
"('comprising', 'elastomeric', 'material')",1
"('bore', 'drilled', 'said')",1
"('least', 'one', 'bevel')",1
"('assembly', 'engaging', 'said')",1
"('cover', 'said', 'porous')",1
"('impart', 'rotational', 'torque')",1
"('said', 'body', 'part')",1
"('member', 'slit', 'extending')",1
"('wherein', 'abrasive', 'material')",1
"('said', 'ledge', 'assembly')",1
"('mechanism', 'comprises', 'water')",1
"('storage', 'second', 'opened')",1
"('attachable', 'said', 'least')",1
"('located', 'towards', 'lower')",1
"('support', 'seat', 'onto')",1
"('claim', 'wherein', 'guide')",1
"('means', 'supporting', 'rails')",1
"('axis', 'rotation', 'supporting')",1
"('also', 'shifted', 'position')",1
"('edge', 'back', 'edge')",1
"('cleans', 'said', 'least')",1
"('region', 'said', 'rotary')",1
"('device', 'comprising', 'panel')",1
"('nozzle', 'removable', 'rotary')",1
"('one', 'claims', 'wherein')",1
"('base', 'plate', 'wherein')",1
"('connectors', 'contact', 'internal')",1
"('position', 'adjacent', 'outer')",1
"('inches', 'inches', 'length')",1
"('wherein', 'said', 'middle')",1
"('plurality', 'tuning', 'members')",1
"('user', 'protector', 'support')",1
"('end', 'strap', 'joined')",1
"('means', 'adjusting', 'amount')",1
"('covering', 'area', 'concentrator')",1
"('seat', 'position', 'outer')",1
"('comprises', 'apparatus', 'defined')",1
"('plurality', 'connectors', 'front')",1
"('supporting', 'rails', 'bathtub')",1
"('cover', 'disposable', 'garment')",1
"('support', 'legs', 'provided')",1
"('fluid', 'communication', 'said')",1
"('aperture', 'jet', 'assembly')",1
"('ring', 'penetration', 'hole')",1
"('member', 'first', 'end')",1
"('generating', 'friction', 'edge')",1
"('speed', 'scrubber', 'defined')",1
"('scrubbing', 'edge', 'cleaning')",1
"('tightening', 'members', 'configured')",1
"('first', 'side', 'second')",1
"('protector', 'use', 'user')",1
"('pattern', 'said', 'rotary')",1
"('assembly', 'claim', 'wherein')",1
"('supporting', 'faucet', 'base')",1
"('towards', 'lower', 'part')",1
"('parallel', 'said', 'front')",1
"('spacers', 'extend', 'downwardly')",1
"('divider', 'dividing', 'said')",1
"('wherein', 'curved', 'surface')",1
"('said', 'second', 'loop')",1
"('said', 'bathtub', 'position')",1
"('rails', 'provided', 'inner')",1
"('apertures', 'response', 'water')",1
"('configured', 'extend', 'support')",1
"('type', 'comprising', 'upper')",1
"('coupled', 'plurality', 'connectors')",1
"('bars', 'seat', 'seat')",1
"('scrubbing', 'apparatus', 'cleaning')",1
"('spacer', 'provided', 'said')",1
"('loop', 'member', 'first')",1
"('scrubber', 'scrubbing', 'semiconductor')",1
"('rotating', 'nozzle', 'removable')",1
"('wherein', 'ratio', 'ventilated')",1
"('inner', 'surfaces', 'said')",1
"('penetration', 'hole', 'formed')",1
"('bathtub', 'rails', 'provided')",1
"('therethrough', 'wherein', 'said')",1
"('said', 'first', 'second')",1
"('sufficient', 'produce', 'flow')",1
"('claim', 'wherein', 'insertion')",1
"('edge', 'wherein', 'said')",1
"('claim', 'comprising', 'positioning')",1
"('tube', 'whirlpool', 'jet')",1
"('said', 'mounting', 'hole')",1
"('feet', 'user', 'sleeping')",1
"('bolts', 'bolt', 'insertion')",1
"('second', 'end', 'strip')",1
"('comprising', 'least', 'one')",1
"('toward', 'said', 'base')",1
"('material', 'side', 'wall')",1
"('connectors', 'detachable', 'manner')",1
"('arm', 'portion', 'respectively')",1
"('leg', 'portion', 'integrally')",1
"('dividing', 'said', 'stream')",1
"('constructed', 'main', 'body')",1
"('attached', 'side', 'wall')",1
"('said', 'seat', 'support')",1
"('said', 'feet', 'portion')",1
"('running', 'substantially', 'length')",1
"('upper', 'surface', 'configured')",1
"('said', 'rotary', 'assembly')",1
"('second', 'speed', 'approximately')",1
"('adjacent', 'said', 'back')",1
"('males', 'riding', 'bicycle')",1
"('bolts', 'faucet', 'support')",1
"('toe', 'portion', 'wherein')",1
"('therein', 'fan', 'producing')",1
"('comprises', 'poly', 'vinyl')",1
"('members', 'said', 'base')",1
"('position', 'top', 'end')",1
"('inner', 'periphery', 'surface')",1
"('filling', 'pieces', 'comprise')",1
"('feet', 'portion', 'around')",1
"('torque', 'said', 'rotary')",1
"('water', 'proof', 'material')",1
"('covering', 'membrane', 'comprises')",1
"('comprises', 'nylon', 'apparatus')",1
"('pad', 'scrubber', 'defined')",1
"('main', 'body', 'provided')",1
"('damage', 'penile', 'artery')",1
"('independently', 'knitted', 'along')",1
"('claim', 'wherein', 'flow')",1
"('supported', 'first', 'end')",1
"('configuration', 'removed', 'said')",1
"('positioned', 'extend', 'first')",1
"('first', 'strap', 'section')",1
"('wherein', 'zip', 'fastener')",1
"('contact', 'semiconductor', 'substrate')",1
"('oriented', 'selected', 'angle')",1
"('portion', 'attached', 'depending')",1
"('joined', 'together', 'sewing')",1
"('seat', 'comprising', 'least')",1
"('end', 'said', 'nozzle')",1
"('second', 'side', 'first')",1
"('use', 'assembly', 'claim')",1
"('least', 'one', 'envelope')",1
"('portion', 'provided', 'hand')",1
"('said', 'plurality', 'tuning')",1
"('end', 'portion', 'first')",1
"('includes', 'least', 'one')",3
"('second', 'side', 'edge')",1
"('includes', 'plurality', 'holes')",1
"('bevel', 'area', 'due')",1
"('jet', 'assembly', 'directable')",1
"('said', 'water', 'inlet')",1
"('different', 'material', 'said')",1
"('around', 'back', 'neck')",1
"('outward', 'tightening', 'members')",1
"('root', 'lines', 'toes')",1
"('area', 'contact', 'semiconductor')",1
"('means', 'comprising', 'first')",1
"('direction', 'first', 'roller')",1
"('covering', 'member', 'said')",1
"('dividers', 'knitted', 'bottom')",1
"('method', 'comprising', 'covering')",1
"('ring', 'homogenous', 'material')",1
"('jet', 'assembly', 'selectively')",1
"('toward', 'bottom', 'surface')",1
"('claim', 'wherein', 'upper')",1
"('perforation', 'adhesive', 'section')",1
"('plurality', 'connectors', 'provided')",1
"('assembly', 'said', 'nozzle')",1
"('material', 'least', 'portion')",1
"('comprises', 'toe', 'portion')",1
"('may', 'oriented', 'selected')",1
"('together', 'form', 'envelope')",1
"('surface', 'includes', 'plurality')",1
"('configuration', 'operably', 'coupled')",1
"('area', 'second', 'roller')",1
"('side', 'edge', 'said')",1
"('walls', 'wherein', 'bottom')",1
"('pouch', 'positioned', 'second')",1
"('claim', 'wherein', 'two')",1
"('comprises', 'strap', 'first')",1
"('inward', 'faucet', 'support')",1
"('onto', 'said', 'base')",1
"('engages', 'internal', 'surface')",1
"('side', 'protector', 'cover')",1
"('upwardly', 'brake', 'means')",1
"('airflow', 'rate', 'method')",1
"('apparatus', 'comprising', 'first')",1
"('claim', 'comprising', 'linkage')",1
"('directed', 'outward', 'plurality')",1
"('open', 'beyond', 'diameter')",1
"('connectors', 'positioned', 'said')",1
"('particulates', 'liquids', 'moving')",1
"('homogenous', 'material', 'seat')",1
"('substantially', 'inner', 'ends')",1
"('wherein', 'one', 'wheels')",1
"('end', 'protector', 'cover')",1
"('chest', 'stomach', 'user')",1
"('first', 'end', 'joined')",1
"('strap', 'section', 'joinable')",1
"('releasably', 'attachable', 'body')",1
"('upon', 'size', 'said')",1
"('dividers', 'inside', 'sock')",1
"('fixed', 'predetermined', 'position')",1
"('user', 'wherein', 'protector')",1
"('portion', 'whereby', 'user')",1
"('penetration', 'hole', 'fix')",1
"('seal', 'said', 'main')",1
"('bathtub', 'side', 'inner')",1
"('neck', 'user', 'pouch')",1
"('jet', 'assembly', 'comprising')",1
"('said', 'panel', 'generally')",1
"('members', 'comprises', 'elongate')",1
"('inlet', 'generating', 'stream')",1
"('claim', 'wherein', 'adapter')",1
"('covering', 'area', 'tire')",1
"('tubular', 'braces', 'mounted')",1
"('wall', 'meets', 'upper')",1
"('ledge', 'whereby', 'rails')",1
"('produce', 'flow', 'late')",1
"('conversion', 'said', 'whirlpool')",1
"('tightening', 'members', 'inhibit')",1
"('apertures', 'whirlpool', 'jet')",1
"('means', 'assembly', 'claim')",1
"('releasably', 'fixed', 'base')",1
"('support', 'member', 'fixed')",1
"('walls', 'joined', 'together')",1
"('covering', 'portion', 'porous')",1
"('distance', 'pivotable', 'independently')",1
"('claim', 'wherein', 'supporting')",1
"('second', 'configurations', 'comprising')",1
"('permits', 'quick', 'removal')",1
"('base', 'plate', 'faucet')",1
"('prevention', 'member', 'engages')",1
"('insertion', 'holes', 'nuts')",1
"('claim', 'wherein', 'second')",1
"('seal', 'form', 'provided')",1
"('stomach', 'user', 'neck')",1
"('rigid', 'semirigid', 'material')",1
"('tuning', 'members', 'positioned')",1
"('determined', 'orientation', 'said')",1
"('roller', 'generating', 'friction')",1
"('semiconductor', 'substrate', 'second')",1
"('support', 'seat', 'front')",1
"('connected', 'two', 'moveable')",1
"('area', 'semiconductor', 'wafer')",1
"('inner', 'sidewall', 'provides')",1
"('perimeter', 'hole', 'said')",1
"('said', 'middle', 'portion')",1
"('including', 'main', 'body')",1
"('rotational', 'torque', 'said')",1
"('panel', 'perineum', 'said')",1
"('said', 'spacer', 'provided')",1
"('turning', 'prevention', 'members')",1
"('ledge', 'assembly', 'claim')",1
"('end', 'portions', 'tightening')",1
"('mounting', 'hole', 'thereby')",1
"('mounting', 'hole', 'plurality')",1
"('opened', 'beyond', 'diameter')",1
"('extended', 'said', 'slit')",1
"('abrasive', 'material', 'first')",1
"('floor', 'outside', 'bathtub')",1
"('members', 'opened', 'beyond')",1
"('speed', 'different', 'first')",1
"('support', 'seat', 'base')",1
"('body', 'substantially', 'enclosing')",1
"('bathtub', 'said', 'seat')",1
"('surface', 'air', 'accumulator')",1
"('center', 'region', 'bathtub')",1
"('edge', 'abrasive', 'material')",1
"('portion', 'attached', 'sleeping')",1
"('surface', 'first', 'side')",1
"('perineum', 'protecting', 'device')",1
"('portion', 'around', 'leg')",1
"('brake', 'means', 'assembly')",1
"('wall', 'impermeable', 'made')",1
"('substantially', 'enclosing', 'trunk')",1
"('one', 'tearable', 'perforation')",1
"('flow', 'said', 'plurality')",1
"('removably', 'holding', 'said')",1
"('first', 'roller', 'scrubber')",1
"('said', 'head', 'portion')",1
"('water', 'air', 'flowing')",1
"('claim', 'wherein', 'homogenous')",1
"('assembly', 'spraying', 'water')",1
"('engage', 'end', 'said')",1
"('said', 'wall', 'aperture')",1
"('member', 'constructed', 'adjustable')",1
"('area', 'ratio', 'covering')",1
"('wherein', 'provided', 'gusset')",1
"('second', 'end', 'securely')",1
"('seat', 'upper', 'surface')",1
"('wherein', 'said', 'spacer')",1
"('bottom', 'wall', 'sheet')",1
"('roller', 'rotational', 'speed')",1
"('side', 'said', 'bathtub')",1
"('jet', 'assembly', 'jet')",1
"('portion', 'upper', 'wall')",1
"('covers', 'foot', 'area')",1
"('positioned', 'generally', 'adjacent')",1
"('claim', 'comprising', 'means')",1
"('said', 'positioning', 'brace')",1
"('airflow', 'rate', 'comprises')",1
"('defined', 'one', 'claims')",1
"('rubber', 'synthetic', 'foam')",1
"('positioned', 'said', 'convex')",1
"('belt', 'removably', 'attached')",1
"('convex', 'portion', 'faucet')",1
"('configuration', 'directable', 'stationary')",1
"('surfaces', 'said', 'tightening')",1
"('positioning', 'brace', 'means')",1
"('inches', 'securing', 'means')",1
"('surface', 'method', 'according')",1
"('torn', 'permits', 'removal')",1
"('said', 'connectors', 'contact')",1
"('support', 'means', 'supporting')",1
"('said', 'tightening', 'member')",1
"('liquids', 'moving', 'downwardly')",1
"('surface', 'base', 'plate')",1
"('removal', 'protector', 'use')",1
"('said', 'slit', 'removed')",1
"('said', 'second', 'side')",1
"('wherein', 'incompressible', 'filling')",1
"('panel', 'seat', 'set')",1
"('direction', 'first', 'speed')",1
"('stream', 'generating', 'rotational')",1
"('scrubbing', 'semiconductor', 'wafer')",1
"('sleeping', 'bag', 'claimed')",1
"('located', 'substantially', 'along')",1
"('wherein', 'mechanism', 'edge')",1
"('surface', 'concentrating', 'accumulated')",1
"('water', 'point', 'contact')",1
"('adjustable', 'spacers', 'extend')",1
"('least', 'one', 'arm')",1
"('protector', 'cover', 'second')",1
"('downwardly', 'along', 'front')",1
"('releasably', 'attachable', 'main')",1
"('region', 'bathtub', 'said')",1
"('protector', 'support', 'position')",1
"('panel', 'height', 'generally')",1
"('seat', 'said', 'cover')",1
"('provided', 'feet', 'portion')",1
"('surface', 'bathtub', 'secure')",1
"('flow', 'control', 'means')",1
"('support', 'legs', 'bars')",1
"('upper', 'walls', 'joined')",1
"('bottom', 'wall', 'side')",1
"('part', 'portions', 'adapted')",1
"('flow', 'air', 'holes')",1
"('wherein', 'said', 'turning')",1
"('inner', 'bathtub', 'side')",1
"('prevention', 'members', 'therein')",1
"('body', 'guide', 'body')",1
"('outer', 'periphery', 'said')",1
"('comprises', 'foamed', 'elastomeric')",1
"('part', 'sock', 'toe')",1
"('hole', 'attaching', 'said')",1
"('polyurethane', 'scrubber', 'scrubbing')",1
"('inches', 'perineum', 'protecting')",1
"('end', 'second', 'end')",2
"('first', 'side', 'edge')",1
"('edge', 'said', 'first')",1
"('four', 'dividers', 'inside')",1
"('directed', 'outward', 'tightening')",1
"('set', 'connectors', 'maintaining')",1
"('bars', 'seat', 'support')",1
"('nozzle', 'tube', 'eyeball')",1
"('wherein', 'connectors', 'positioned')",1
"('claim', 'wherein', 'bottom')",1
"('hand', 'portion', 'substantially')",1
"('panel', 'generally', 'enclosed')",1
"('member', 'attached', 'upper')",1
"('seat', 'support', 'legs')",1
"('main', 'body', 'said')",1
"('ones', 'said', 'canted')",1
"('supporting', 'bearings', 'fitted')",1
"('support', 'legs', 'assembly')",1
"('chemical', 'point', 'contact')",1
"('mode', 'nozzle', 'articulatable')",1
"('legs', 'provided', 'wheels')",1
"('porous', 'cover', 'said')",1
"('leg', 'portion', 'provided')",1
"('provided', 'said', 'support')",1
"('draw', 'feet', 'portion')",1
"('enable', 'user', 'draw')",1
"('gusset', 'region', 'least')",1
"('part', 'said', 'least')",1
"('claim', 'wherein', 'main')",1
"('concentrated', 'portion', 'air')",1
"('area', 'tire', 'cross')",1
"('strap', 'wherein', 'strap')",1
"('ring', 'pivotally', 'mounted')",1
"('prevent', 'damage', 'penile')",1
"('least', 'one', 'body')",1
"('cover', 'ring', 'covers')",1
"('defined', 'bottom', 'side')",1
"('depending', 'upon', 'size')",1
"('flow', 'late', 'measured')",1
"('respectively', 'sleeping', 'bag')",1
"('member', 'upper', 'surface')",1
"('assembly', 'comprises', 'plurality')",1
"('edge', 'back', 'side')",1
"('portions', 'includes', 'least')",1
"('end', 'portion', 'handy')",1
"('least', 'portion', 'upper')",1
"('configured', 'releasably', 'fix')",1
"('inch', 'inches', 'securing')",1
"('engaged', 'said', 'base')",1
"('comprises', 'elongate', 'flexible')",1
"('two', 'tightening', 'members')",1
"('said', 'nozzle', 'rotating')",1
"('sleeping', 'bag', 'provided')",1
"('speed', 'faster', 'rotational')",1
"('conducting', 'pipe', 'inserted')",1
"('section', 'first', 'strap')",1
"('airflow', 'porous', 'sleep')",1
"('cover', 'ring', 'penetration')",1
"('ventilated', 'sleep', 'surface')",1
"('holding', 'enclosure', 'non')",1
"('portion', 'formed', 'upper')",1
"('orientation', 'said', 'eyeball')",1
"('engage', 'two', 'rails')",1
"('body', 'portion', 'covers')",1
"('air', 'region', 'said')",1
"('velocity', 'point', 'contact')",1
"('center', 'region', 'said')",1
"('proof', 'seal', 'said')",1
"('claims', 'wherein', 'opening')",1
"('said', 'penetration', 'hole')",1
"('guide', 'body', 'detachable')",1
"('downwardly', 'rails', 'engage')",1
"('comprises', 'abrasive', 'material')",1
"('said', 'panel', 'perineum')",1
"('predetermined', 'position', 'turning')",1
"('ledge', 'contacting', 'extension')",1
"('least', 'one', 'leg')",1
"('said', 'cover', 'ring')",1
"('configured', 'movable', 'along')",1
"('loop', 'members', 'comprising')",1
"('side', 'edge', 'securing')",1
"('attached', 'plurality', 'connectors')",1
"('strap', 'tearable', 'perforation')",1
"('supporting', 'bars', 'carrying')",1
"('body', 'said', 'least')",1
"('comprising', 'first', 'roller')",1
"('portion', 'chest', 'stomach')",1
"('releasably', 'fix', 'faucet')",1
"('pieces', 'seat', 'set')",1
"('support', 'seat', 'contact')",1
"('edge', 'securing', 'means')",1
"('attachable', 'body', 'part')",1
"('side', 'wall', 'meets')",1
"('tightening', 'members', 'open')",1
"('least', 'one', 'belt')",1
"('lower', 'leg', 'sleeping')",1
"('lies', 'said', 'support')",1
"('part', 'portion', 'region')",1
"('passing', 'said', 'stream')",1
"('abrasive', 'material', 'comprises')",1
"('main', 'body', 'wherein')",1
"('said', 'enclosure', 'whirlpool')",1
"('wherein', 'provided', 'substantially')",1
"('releasably', 'sealable', 'flap')",1
"('formed', 'base', 'plate')",1
"('claim', 'wherein', 'measured')",1
"('comprises', 'inflatable', 'ring')",1
"('side', 'scrubbing', 'semiconductor')",1
"('comprises', 'divider', 'dividing')",1
"('set', 'connectors', 'detachable')",1
"('torn', 'permits', 'quick')",1
"('location', 'wherein', 'seat')",1
"('material', 'comprising', 'foamed')",1
"('ledge', 'wherein', 'inner')",1
"('airflow', 'rate', 'concentrated')",1
"('user', 'draw', 'said')",1
"('end', 'portion', 'faucet')",1
"('member', 'constructed', 'detachable')",1
"('area', 'wherein', 'ratio')",1
"('section', 'positioned', 'strap')",1
"('section', 'includes', 'least')",1
"('comprising', 'cushioning', 'material')",1
"('side', 'wall', 'inward')",1
"('seat', 'plurality', 'tightening')",1
"('provided', 'zip', 'fastener')",1
"('around', 'feet', 'lower')",1
"('air', 'flowing', 'said')",1
"('accumulates', 'portion', 'air')",1
"('distance', 'therebetween', 'faucet')",1
"('pivotally', 'mounted', 'outer')",1
"('attaching', 'said', 'support')",1
"('claims', 'comprising', 'cover')",1
"('first', 'speed', 'second')",1
"('wherein', 'accumulator', 'covering')",1
"('second', 'end', 'attached')",1
"('user', 'second', 'end')",1
"('contact', 'internal', 'surface')",1
"('strap', 'pouch', 'positioned')",1
"('mounting', 'hole', 'attaching')",1
"('water', 'inlet', 'air')",1
"('generally', 'adjacent', 'said')",1
"('seated', 'seat', 'assembly')",1
"('air', 'flow', 'effective')",1
"('adjusting', 'amount', 'water')",1
"('meet', 'main', 'body')",1
"('side', 'surface', 'said')",1
"('strap', 'includes', 'least')",1
"('mounted', 'outer', 'periphery')",1
"('said', 'outer', 'rail')",1
"('joined', 'first', 'side')",1
"('rotary', 'assembly', 'comprises')",1
"('first', 'end', 'first')",1
"('said', 'bolts', 'said')",1
"('portion', 'said', 'hand')",1
"('cover', 'front', 'surface')",1
"('tightening', 'members', 'opened')",1
"('members', 'provided', 'said')",1
"('seat', 'detachable', 'manner')",1
"('least', 'two', 'leg')",1
"('wherein', 'strap', 'includes')",1
"('claim', 'comprising', 'water')",1
"('provided', 'said', 'tightening')",1
"('particles', 'bevel', 'area')",1
"('said', 'resistance', 'portion')",1
"('inserted', 'said', 'support')",1
"('user', 'sleeping', 'bag')",1
"('portion', 'composed', 'five')",1
"('wherein', 'said', 'substantially')",1
"('wall', 'side', 'wall')",1
"('said', 'connectors', 'positioned')",1
"('said', 'elongate', 'flexible')",1
"('heel', 'ankle', 'portion')",1
"('bathtub', 'inner', 'location')",1
"('members', 'configured', 'movable')",1
"('support', 'seat', 'wherein')",1
"('holes', 'sufficient', 'produce')",1
"('support', 'seat', 'faucet')",1
"('face', 'attached', 'said')",1
"('outer', 'side', 'said')",1
"('elastomeric', 'material', 'perineum')",1
"('moved', 'loosening', 'direction')",1
"('least', 'one', 'tearable')",1
"('wherein', 'said', 'plurality')",1
"('ratio', 'covering', 'area')",1
"('tire', 'cross', 'sectional')",1
"('claims', 'wherein', 'connectors')",1
"('garment', 'protector', 'comprising')",1
"('seat', 'envelope', 'type')",1
"('separated', 'distance', 'spacer')",1
"('edge', 'first', 'side')",1
"('system', 'according', 'claim')",1
"('wherein', 'rotational', 'speed')",1
"('wherein', 'said', 'least')",2
"('portion', 'substantially', 'enclose')",1
"('side', 'wall', 'incompressible')",1
"('said', 'front', 'edge')",1
"('roller', 'approximately', 'times')",1
"('inner', 'walls', 'engage')",1
"('tube', 'releasable', 'manner')",1
"('foamed', 'elastomeric', 'material')",1
"('five', 'sheaths', 'independently')",1
"('side', 'wall', 'impermeable')",1
"('five', 'sheaths', 'formed')",1
"('fix', 'base', 'end')",1
"('claim', 'wherein', 'edge')",1
"('form', 'strap', 'wherein')",1
"('material', 'comprises', 'nylon')",1
"('airflow', 'rate', 'bedding')",1
"('claim', 'wherein', 'rollers')",1
"('said', 'air', 'inlet')",1
"('fixing', 'member', 'moved')",1
"('said', 'floor', 'assembly')",1
"('contact', 'front', 'ends')",1
"('rails', 'dimensioned', 'span')",1
"('elevated', 'hand', 'advancement')",1
"('streams', 'flow', 'respective')",1
"('supported', 'said', 'ledge')",1
"('sheet', 'inextensible', 'material')",1
"('wall', 'sheet', 'inextensible')",1
"('stream', 'respective', 'ones')",1
"('chemical', 'comprises', 'apparatus')",1
"('covering', 'membrane', 'perineum')",1
"('legs', 'also', 'shifted')",1
"('main', 'body', 'releasably')",1
"('direction', 'thereof', 'faucet')",1
"('positioned', 'external', 'side')",1
"('around', 'lower', 'leg')",1
"('tightening', 'members', 'screwed')",1
"('body', 'releasably', 'attachable')",1
"('wherein', 'upper', 'surface')",1
"('may', 'advanced', 'together')",1
"('recited', 'claim', 'wherein')",1
"('mode', 'said', 'second')",1
"('includes', 'inward', 'rim')",1
"('may', 'actuated', 'person')",1
"('surface', 'said', 'turning')",1
"('rails', 'bathtub', 'two')",1
"('diameter', 'mounting', 'hole')",1
"('sheaths', 'independently', 'knitted')",1
"('rotary', 'configuration', 'directable')",1
"('operation', 'said', 'whirlpool')",1
"('claim', 'wherein', 'incompressible')",1
"('back', 'edge', 'first')",1
"('end', 'first', 'end')",1
"('support', 'seat', 'provided')",1
"('moved', 'toward', 'bottom')",1
"('first', 'roller', 'comprises')",1
"('along', 'middle', 'front')",1
"('downwardly', 'said', 'rails')",1
"('plurality', 'lugs', 'engaging')",1
"('connectors', 'positioned', 'external')",1
"('proof', 'material', 'sleeping')",1
"('point', 'contact', 'semiconductor')",1
"('strap', 'sections', 'first')",1
"('enclosure', 'perimeter', 'hole')",1
"('said', 'faucet', 'onto')",1
"('permeable', 'material', 'seat')",1
"('clearing', 'edge', 'semiconductor')",1
"('invalid', 'seat', 'assembly')",1
"('engage', 'inside', 'surface')",1
"('edge', 'said', 'panel')",1
"('inhibit', 'said', 'water')",1
"('configured', 'engage', 'bottom')",1
"('operably', 'coupled', 'said')",1
"('comprises', 'nylon', 'scrubber')",1
"('defined', 'claim', 'wherein')",2
"('wherein', 'another', 'said')",1
"('said', 'bathtub', 'whereat')",1
"('synthetic', 'foam', 'seat')",1
"('member', 'defined', 'one')",1
"('plurality', 'holes', 'therein')",1
"('accumulator', 'covering', 'area')",1
"('wherein', 'second', 'roller')",1
"('inside', 'sock', 'said')",1
"('edge', 'perineum', 'protecting')",1
"('end', 'produced', 'second')",1
"('side', 'edge', 'back')",1
"('front', 'ends', 'thereof')",1
"('second', 'end', 'said')",1
"('side', 'bathtub', 'proximate')",1
"('said', 'covering', 'membrane')",1
"('wherein', 'bottom', 'side')",1
"('concentrating', 'accumulated', 'portion')",1
"('along', 'rails', 'thereby')",1
"('late', 'measured', 'meter')",1
"('assembly', 'comprising', 'Venturi')",1
"('said', 'stream', 'said')",1
"('riding', 'bicycle', 'prevent')",1
"('configured', 'rotate', 'direction')",1
"('edge', 'semiconductor', 'wafer')",1
"('whereby', 'brake', 'means')",1
"('area', 'range', 'method')",1
"('wherein', 'ratio', 'method')",1
"('first', 'second', 'loop')",1
"('claim', 'wherein', 'side')",1
"('inches', 'inches', 'height')",1
"('semiconductor', 'wafer', 'second')",1
"('advancement', 'across', 'width')",1
"('attached', 'sleeping', 'bag')",1
"('said', 'hand', 'portion')",1
"('loop', 'members', 'comprises')",1
"('apparatus', 'cleaning', 'semiconductor')",1
"('member', 'plurality', 'tightening')",1
"('measured', 'airflow', 'rate')",1
"('support', 'seat', 'upper')",1
"('opened', 'position', 'top')",1
"('comprises', 'pad', 'scrubber')",1
"('supporting', 'bars', 'proximate')",1
"('protecting', 'device', 'protecting')",1
"('formed', 'main', 'body')",1
"('entry', 'sleeping', 'bag')",1
"('two', 'moveable', 'seat')",1
"('air', 'flows', 'porous')",1
"('attachment', 'sleeping', 'bag')",1
"('claimed', 'claim', 'wherein')",1
"('holes', 'wherein', 'flow')",1
"('said', 'bolts', 'faucet')",1
"('second', 'speed', 'facilitate')",1
"('side', 'second', 'side')",1
"('said', 'bathtub', 'inner')",1
"('polystyrene', 'balls', 'seat')",1
"('nozzle', 'said', 'nozzle')",1
"('support', 'seat', 'detachable')",1
"('wherein', 'adapter', 'member')",1
"('second', 'opened', 'position')",1
"('comprising', 'means', 'engaging')",1
"('body', 'sleeping', 'bag')",1
"('trunk', 'user', 'least')",1
"('wherein', 'one', 'releasable')",1
"('periphery', 'surface', 'mounting')",1
"('flows', 'porous', 'sleep')",1
"('apparatus', 'defined', 'claim')",1
"('rotating', 'apertures', 'impart')",1
"('comprising', 'Venturi', 'housing')",1
"('portion', 'around', 'feet')",1
"('lugs', 'engaging', 'said')",1
"('wherein', 'said', 'panel')",1
"('portion', 'arm', 'portion')",1
"('wherein', 'inner', 'layer')",1
"('roller', 'rotates', 'direction')",1
"('portion', 'air', 'concentrator')",1
"('portions', 'adapted', 'enclose')",1
"('support', 'seat', 'bottom')",1
"('hand', 'portion', 'comprised')",1
"('portion', 'said', 'support')",1
"('portion', 'foot', 'body')",1
"('sections', 'first', 'strap')",1
"('assembly', 'rotary', 'mode')",1
"('alcohol', 'PVA', 'scrubber')",1
"('enclose', 'hands', 'user')",1
"('artery', 'said', 'device')",1
"('second', 'side', 'protector')",1
"('adapted', 'support', 'garment')",1
"('wall', 'said', 'cover')",1
"('wherein', 'said', 'head')",1
"('lugs', 'engage', 'end')",1
"('back', 'neck', 'user')",1
"('positioned', 'adjacent', 'said')",1
"('said', 'porous', 'cover')",1
"('toe', 'portion', 'foot')",1
"('sheaths', 'formed', 'four')",1
"('turned', 'tightened', 'faucet')",1
"('perineum', 'said', 'securing')",1
"('member', 'releasably', 'fixed')",1
"('substrate', 'edge', 'said')",1
"('upper', 'walls', 'wherein')",1
"('first', 'speed', 'scrubber')",1
"('PVA', 'apparatus', 'defined')",1
"('bottom', 'surface', 'base')",1
"('air', 'holes', 'sufficient')",1
"('loop', 'member', 'said')",1
"('wherein', 'side', 'wall')",1
"('plurality', 'connectors', 'configured')",1
"('attached', 'upper', 'portion')",1
"('filling', 'pieces', 'seat')",1
"('roller', 'scrubber', 'defined')",1
"('edge', 'second', 'loop')",1
"('rotate', 'direction', 'first')",1
"('water', 'resistant', 'water')",1
"('assembly', 'recited', 'claim')",1
"('perineum', 'males', 'riding')",1
"('disposed', 'porous', 'sleep')",1
"('claim', 'wherein', 'said')",6
"('end', 'joinable', 'adhesive')",1
"('directable', 'stationary', 'mode')",1
"('said', 'spacer', 'penetrate')",1
"('speed', 'second', 'roller')",1
"('combination', 'tub', 'inner')",1
"('directing', 'said', 'stream')",1
"('outer', 'ends', 'connected')",1
"('installation', 'position', 'outer')",1
"('hole', 'said', 'enclosure')",1
"('plate', 'plurality', 'connectors')",1
"('tightening', 'members', 'said')",1
"('configured', 'engage', 'base')",1
"('comprises', 'rigid', 'panel')",1
"('linkage', 'extending', 'upwardly')",1
"('engage', 'bottom', 'surface')",1
"('said', 'panel', 'width')",1
"('canted', 'apertures', 'whirlpool')",1
"('sleep', 'surface', 'air')",1
"('member', 'comprising', 'support')",1
"('prevent', 'plurality', 'tightening')",1
"('first', 'roller', 'second')",1
"('wherein', 'two', 'tightening')",1
"('formed', 'upper', 'portion')",1
"('positioned', 'concentrically', 'within')",1
"('pieces', 'comprise', 'polystyrene')",1
"('sliding', 'advancement', 'across')",1
"('plurality', 'connectors', 'bolts')",1
"('formed', 'four', 'dividers')",1
"('seat', 'mounted', 'advance')",1
"('surface', 'protector', 'cover')",1
"('prevention', 'members', 'provided')",1
"('comprises', 'polyurethane', 'scrubber')",1
"('said', 'tightening', 'members')",1
"('may', 'held', 'floor')",1
"('support', 'means', 'provided')",1
"('positioned', 'engage', 'two')",1
"('claim', 'wherein', 'porous')",1
"('member', 'moved', 'loosening')",1
"('mechanism', 'edge', 'cleans')",1
"('wall', 'includes', 'inward')",1
"('panel', 'middle', 'portion')",1
"('air', 'flow', 'said')",2
"('strap', 'joined', 'first')",1
"('surfaces', 'said', 'turning')",1
"('base', 'plate', 'attached')",1
"('wherein', 'said', 'cover')",1
"('neck', 'user', 'wherein')",1
"('comprising', 'two', 'rails')",1
"('first', 'roller', 'edge')",1
"('end', 'change', 'length')",1
"('second', 'roller', 'apparatus')",1
"('five', 'sheaths', 'foot')",1
"('said', 'panel', 'slit')",1
"('communication', 'said', 'nozzle')",1
"('plurality', 'connectors', 'faucet')",1
"('semiconductor', 'wafer', 'first')",1
"('seat', 'separated', 'distance')",1
"('holes', 'nuts', 'screwed')",1
"('flow', 'respective', 'rotating')",1
"('portion', 'said', 'tightening')",1
"('generally', 'inches', 'inches')",1
"('cleaned', 'due', 'friction')",1
"('movable', 'along', 'plurality')",1
"('opposite', 'surfaces', 'water')",1
"('measured', 'meter', 'ventilated')",1
"('first', 'roller', 'clearing')",1
"('cover', 'including', 'plurality')",1
"('leg', 'portion', 'around')",1
"('assembly', 'including', 'seat')",1
"('assembly', 'rotary', 'configuration')",1
"('sleeping', 'bag', 'including')",1
"('water', 'holding', 'enclosure')",1
"('length', 'strap', 'section')",1
"('defined', 'claim', 'comprising')",1
"('wherein', 'insertion', 'bore')",1
"('comprises', 'measuring', 'airflow')",1
"('head', 'portion', 'sleeping')",1
"('buffer', 'member', 'attached')",1
"('edge', 'cleans', 'particles')",1
"('holding', 'said', 'panel')",1
"('wherein', 'second', 'speed')",1
"('Venturi', 'housing', 'water')",1
"('two', 'supporting', 'bars')",1
"('back', 'side', 'edge')",1
"('body', 'part', 'user')",1
"('bag', 'provided', 'zip')",1
"('portion', 'main', 'body')",1
"('produce', 'flow', 'rate')",1
"('neck', 'user', 'second')",1
"('speed', 'approximately', 'times')",1
"('width', 'generally', 'inches')",1
"('speed', 'first', 'roller')",1
"('according', 'claim', 'wherein')",1
"('advancement', 'supporting', 'bars')",1
"('stationary', 'mode', 'nozzle')",1
"('wherein', 'said', 'outer')",1
"('end', 'portion', 'second')",1
"('span', 'width', 'said')",1
"('portion', 'around', 'lower')",1
"('one', 'wheels', 'provided')",1
"('hand', 'portion', 'releasable')",1
"('bag', 'including', 'main')",1
"('ends', 'assembly', 'claim')",1
"('inward', 'plurality', 'tightening')",1
"('bathtub', 'assembly', 'claim')",1
"('attached', 'said', 'main')",1
"('supporting', 'bearings', 'rollers')",1
"('tightening', 'member', 'inclined')",1
"('extension', 'means', 'extending')",1
"('loosening', 'direction', 'thereof')",1
"('head', 'portion', 'releasably')",1
"('claim', 'wherein', 'resistance')",1
"('articulatable', 'upon', 'removal')",1
"('portion', 'said', 'panel')",1
"('provided', 'substantially', 'water')",1
"('member', 'said', 'second')",1
"('member', 'configured', 'releasably')",1
"('substrate', 'first', 'speed')",1
"('rotational', 'spin', 'said')",1
"('proximate', 'floor', 'outside')",1
"('formed', 'holding', 'water')",1
"('comprising', 'positioning', 'brace')",1
"('adapter', 'member', 'lies')",1
"('faucet', 'onto', 'said')",1
"('extend', 'bottom', 'surface')",1
"('measuring', 'airflow', 'porous')",1
"('main', 'entry', 'sleeping')",1
"('surface', 'mounting', 'hole')",1
"('manner', 'faucet', 'support')",1
"('said', 'eyeball', 'may')",1
"('front', 'end', 'portions')",1
"('sleep', 'surface', 'concentrating')",1
"('portion', 'faucet', 'support')",1
"('support', 'seat', 'separated')",1
"('two', 'rails', 'dimensioned')",1
"('least', 'measured', 'meter')",1
"('section', 'first', 'end')",1
"('part', 'portions', 'includes')",1
"('members', 'pivotally', 'attached')",1
"('releasable', 'attachable', 'said')",1
"('roller', 'apparatus', 'defined')",1
"('section', 'tear', 'end')",1
"('semirigid', 'material', 'least')",1
"('resistance', 'portion', 'formed')",1
"('protector', 'support', 'adapted')",1
"('said', 'bolt', 'insertion')",1
"('displaced', 'use', 'assembly')",1
"('sheaths', 'foot', 'body')",1
"('said', 'device', 'comprising')",1
"('portion', 'handy', 'spray')",1
"('comprising', 'water', 'jet')",1
"('eyeball', 'rotary', 'assembly')",1
"('guide', 'member', 'provided')",1
"('therein', 'method', 'according')",1
"('roller', 'rotating', 'semiconductor')",1
"('meets', 'upper', 'wall')",1
"('fastener', 'located', 'substantially')",1
"('occupying', 'space', 'defined')",1
"('inside', 'surface', 'bathtub')",1
"('least', 'one', 'base')",1
"('bathtub', 'invalid', 'seat')",1
"('water', 'air', 'selected')",1
"('spacer', 'penetrate', 'said')",1
"('bars', 'substantially', 'inner')",1
"('main', 'body', 'sleeping')",1
"('least', 'one', 'chemical')",1
"('zip', 'fastener', 'located')",1
"('drawstring', 'sleeping', 'bag')",1
"('configuration', 'concentrically', 'engaging')",1
"('panel', 'slit', 'extending')",1
"('wherein', 'measuring', 'airflow')",1
"('claim', 'combination', 'tub')",1
"('members', 'open', 'beyond')",1
"('said', 'slit', 'generally')",1
"('surface', 'support', 'seat')",1
"('connectors', 'configured', 'extend')",1
"('semiconductor', 'substrate', 'edge')",1
"('tear', 'end', 'change')",1
"('cover', 'second', 'end')",1
"('nylon', 'scrubber', 'defined')",1
"('outer', 'rail', 'support')",1
"('proximate', 'inner', 'ends')",1
"('pivotable', 'independently', 'faucet')",1
"('part', 'portion', 'comprised')",1
"('end', 'including', 'adhesive')",1
"('member', 'fixed', 'base')",1
"('response', 'water', 'air')",1
"('one', 'said', 'body')",1
"('rotary', 'face', 'fluid')",1
"('rate', 'concentrated', 'portion')",1
"('wherein', 'porous', 'sleep')",1
"('bedding', 'disposed', 'porous')",1
"('end', 'securely', 'attached')",1
"('hands', 'user', 'sleeping')",1
"('roller', 'configured', 'rotate')",1
"('rotating', 'apertures', 'response')",1
"('end', 'joined', 'first')",1
"('bottom', 'surface', 'configured')",1
"('rotates', 'semiconductor', 'substrate')",1
"('portion', 'thereof', 'faucet')",1
"('two', 'strap', 'sections')",1
"('bag', 'claimed', 'claim')",1
"('engaging', 'said', 'nozzle')",1
"('claim', 'wherein', 'mechanism')",1
"('wafer', 'scrubber', 'defined')",1
"('members', 'rotated', 'directed')",1
"('foot', 'area', 'heel')",1
"('edge', 'semiconductor', 'substrate')",1
"('length', 'strap', 'pouch')",1
"('protector', 'comprising', 'protector')",1
"('rate', 'ventilated', 'sleep')",1
"('portion', 'provided', 'drawstring')",1
"('connectors', 'tightening', 'member')",1
"('members', 'turned', 'tightened')",1
"('said', 'opening', 'portion')",1
"('homogenous', 'material', 'selected')",1
"('surface', 'tightening', 'member')",1
"('tangential', 'velocity', 'apparatus')",1
"('group', 'consisting', 'rubber')",1
"('position', 'faucet', 'support')",1
"('rotary', 'face', 'whirlpool')",1
"('main', 'body', 'substantially')",1
"('joined', 'second', 'side')",1
"('seat', 'wherein', 'said')",1
"('impermeable', 'made', 'rigid')",1
"('forth', 'claim', 'wherein')",1
"('substantially', 'enclose', 'feet')",1
"('person', 'may', 'washed')",1
"('face', 'whirlpool', 'jet')",1
"('around', 'leg', 'sleeping')",1
"('pad', 'apparatus', 'defined')",1
"('said', 'aperture', 'direction')",1
"('joinable', 'form', 'strap')",1
"('upper', 'wall', 'made')",1
"('provided', 'outer', 'bathtub')",1
"('rollers', 'comprise', 'abrasive')",1
"('strap', 'section', 'first')",1
"('lies', 'said', 'tightening')",1
"('back', 'formed', 'fold')",1
"('region', 'least', 'two')",1
"('wherein', 'said', 'first')",1
"('least', 'one', 'adhesive')",1
"('base', 'plate', 'plurality')",1
"('removable', 'rotary', 'face')",1
"('end', 'strip', 'joined')",1
"('generally', 'enclosed', 'covering')",1
"('brace', 'means', 'extends')",1
"('second', 'speed', 'faster')",1
"('region', 'attachment', 'sleeping')",1
"('tear', 'end', 'including')",1
"('held', 'floor', 'side')",1
"('width', 'said', 'bathtub')",1
"('comprises', 'ring', 'homogenous')",1
"('said', 'first', 'end')",1
"('prevent', 'said', 'fixing')",1
"('communication', 'said', 'water')",1
"('sheaths', 'wherein', 'five')",1
"('comprises', 'tub', 'ledge')",1
"('perforation', 'least', 'one')",1
"('proof', 'seal', 'form')",1
"('seat', 'grip', 'base')",1
"('directable', 'stationary', 'configuration')",1
"('rotation', 'apertures', 'directing')",1
"('enclose', 'partially', 'fully')",1
"('angle', 'relative', 'said')",1
"('system', 'method', 'comprising')",1
"('positioned', 'strap', 'section')",1
"('said', 'whirlpool', 'jet')",1
"('one', 'leg', 'portion')",1
"('grip', 'base', 'plate')",1
"('belt', 'comprises', 'ring')",1
"('strap', 'section', 'includes')",1
"('means', 'may', 'actuated')",1
"('substantially', 'along', 'middle')",1
"('said', 'second', 'configuration')",1
"('spacer', 'inserting', 'said')",1
"('wherein', 'said', 'feet')",1
"('portion', 'air', 'flows')",1
"('fitted', 'supporting', 'bars')",1
"('wherein', 'first', 'roller')",1
"('bearings', 'rollers', 'located')",1
"('portion', 'comprised', 'different')",1
"('one', 'first', 'closed')",1
"('engaging', 'plurality', 'connectors')",1
"('directing', 'stream', 'water')",1
"('cover', 'ring', 'pivotally')",1
"('method', 'according', 'claim')",1
"('wherein', 'said', 'guide')",1
"('wafer', 'first', 'roller')",1
"('seat', 'fixed', 'predetermined')",1
"('said', 'bathtub', 'assembly')",1
"('hole', 'formed', 'peripheral')",1
"('body', 'faucet', 'support')",1
"('section', 'second', 'strap')",1
"('removably', 'attached', 'side')",1
"('said', 'nozzle', 'jet')",1
"('faucet', 'support', 'member')",1
"('seat', 'front', 'ends')",1
"('two', 'body', 'part')",1
"('second', 'strap', 'tear')",1
"('portion', 'generally', 'enclosed')",1
"('inserted', 'said', 'penetration')",1
"('walls', 'engage', 'inner')",1
"('layer', 'five', 'sheaths')",1
"('wherein', 'strap', 'section')",1
"('plate', 'faucet', 'least')",1
"('rotation', 'supporting', 'bars')",1
"('rotated', 'directed', 'outward')",1
"('wall', 'incompressible', 'filling')",1
"('perforation', 'torn', 'first')",1
"('end', 'portions', 'plurality')",1
"('speed', 'facilitate', 'edge')",1
"('said', 'housing', 'fluid')",1
"('bathtub', 'two', 'supporting')",1
"('area', 'concentrator', 'cross')",1
"('directed', 'inward', 'faucet')",1
"('portion', 'porous', 'sleep')",1
"('members', 'directed', 'outward')",1
"('length', 'generally', 'inches')",1
"('configured', 'inserted', 'said')",1
"('opened', 'positioned', 'collect')",1
"('first', 'end', 'second')",2
"('support', 'member', 'configured')",1
"('adapted', 'enclose', 'partially')",1
"('means', 'provided', 'outer')",1
"('comprising', 'panel', 'said')",1
"('said', 'substantially', 'water')",1
"('assembly', 'said', 'directable')",1
"('said', 'first', 'side')",1
"('ring', 'covers', 'said')",1
"('means', 'comprises', 'legs')",1
"('arm', 'portion', 'provided')",1
"('mounting', 'hole', 'faucet')",1
"('second', 'speed', 'different')",1
"('middle', 'portion', 'generally')",1
"('least', 'two', 'body')",1
"('maintaining', 'distance', 'therebetween')",1
"('members', 'faucet', 'support')",1
"('cushioning', 'material', 'comprises')",1
"('faucet', 'least', 'one')",1
"('leg', 'sleeping', 'bag')",1
"('form', 'provided', 'releasably')",1
"('back', 'edge', 'perineum')",1
"('second', 'loop', 'member')",1
"('pivotally', 'attached', 'plurality')",1
"('wherein', 'plurality', 'connectors')",1
"('material', 'sleeping', 'bag')",1
"('means', 'comprises', 'adjustable')",1
"('provide', 'axis', 'rotation')",1
"('rotational', 'speed', 'first')",1
"('portion', 'first', 'strap')",1
"('faucet', 'faucet', 'support')",1
"('bathtub', 'inner', 'outer')",1
"('curved', 'surface', 'formed')",1
"('end', 'opened', 'positioned')",1
"('accumulator', 'accumulates', 'portion')",1
"('protector', 'cover', 'wherein')",1
"('enclosed', 'covering', 'membrane')",1
"('surface', 'ventilated', 'sleep')",1
"('body', 'said', 'guide')",1
"('legs', 'bars', 'may')",1
"('assembly', 'comprises', 'divider')",1
"('front', 'surface', 'protector')",1
"('sectional', 'area', 'ratio')",1
"('abutting', 'said', 'panel')",1
"('assembly', 'jet', 'assembly')",1
"('strap', 'first', 'end')",1
"('recited', 'claim', 'upon')",1
"('material', 'comprises', 'poly')",1
"('porous', 'cover', 'including')",1
"('configurations', 'comprising', 'articulatable')",1
"('wherein', 'supporting', 'bearings')",1
"('substantially', 'enclose', 'hands')",1
"('claim', 'wherein', 'one')",2
"('lower', 'part', 'said')",1
"('section', 'pouch', 'positioned')",1
"('water', 'air', 'aperture')",1
"('legs', 'assembly', 'claim')",1
"('removed', 'said', 'covering')",1
"('whereby', 'user', 'may')",1
"('rotational', 'speed', 'faster')",1
"('members', 'detachable', 'said')",1
"('wherein', 'rollers', 'comprise')",1
"('support', 'garment', 'protector')",1
"('claim', 'wherein', 'first')",1
"('rotary', 'assembly', 'spraying')",1
"('provided', 'gusset', 'region')",1
"('top', 'part', 'sock')",1
"('sock', 'toe', 'portion')",1
"('inlet', 'said', 'air')",1
"('material', 'seat', 'set')",1
"('region', 'said', 'bathtub')",1
"('air', 'separated', 'streams')",1
"('member', 'said', 'first')",1
"('members', 'contact', 'internal')",1
"('second', 'roller', 'configured')",1
"('material', 'said', 'panel')",1
"('hole', 'faucet', 'support')",1
"('plate', 'faucet', 'support')",1
"('said', 'least', 'one')",2
"('semiconductor', 'substrate', 'first')",1
"('surfaces', 'said', 'connectors')",1
"('said', 'support', 'seat')",1
"('shifted', 'position', 'adjacent')",1
"('wherein', 'said', 'rotary')",1
"('inserted', 'said', 'opening')",1
"('bolts', 'said', 'bolt')",1
"('inches', 'length', 'generally')",1
"('thereof', 'faucet', 'support')",1
"('wherein', 'cleaning', 'mechanism')",1
"('slit', 'extending', 'therethrough')",1
"('nozzle', 'articulatable', 'directing')",1
"('nozzle', 'rotating', 'said')",1
"('seat', 'bottom', 'surface')",1
"('extend', 'first', 'end')",1
"('onto', 'said', 'support')",1
"('rate', 'least', 'measured')",1
"('end', 'supported', 'first')",1
"('front', 'edge', 'wherein')",1
"('cloth', 'material', 'said')",1
"('claim', 'comprising', 'jet')",1
"('faster', 'rotational', 'speed')",1
"('face', 'comprises', 'divider')",1
"('respective', 'ones', 'said')",1
"('fastener', 'running', 'substantially')",1
"('material', 'said', 'middle')",1
"('adhesive', 'section', 'second')",1
"('portion', 'lies', 'said')",1
"('plate', 'attached', 'said')",1
"('wafer', 'edge', 'comprising')",1
"('plurality', 'holes', 'wherein')",1
"('heel', 'toes', 'heel')",1
"('claims', 'wherein', 'plurality')",1
"('sock', 'said', 'dividers')",1
"('along', 'root', 'lines')",1
"('separated', 'distance', 'pivotable')",1
"('face', 'fluid', 'communication')",1
"('sidewall', 'provides', 'ledge')",1
"('assembly', 'said', 'rotary')",1
"('member', 'said', 'panel')",1
"('mounting', 'hole', 'said')",1
"('sectional', 'area', 'wherein')",1
"('non', 'rotating', 'nozzle')",1
"('prevention', 'members', 'operatively')",1
"('inner', 'location', 'wherein')",1
"('portion', 'wherein', 'inner')",1
"('seat', 'faucet', 'support')",1
"('upper', 'wall', 'seat')",1
"('roller', 'second', 'speed')",1
"('tightening', 'members', 'constructed')",1
"('containing', 'incompressible', 'filling')",1
"('across', 'width', 'bathtub')",1
"('covers', 'said', 'fixing')",1
"('first', 'configuration', 'operably')",1
"('remote', 'bathtub', 'supporting')",1
"('wall', 'water', 'holding')",1
"('bars', 'proximate', 'inner')",1
"('walls', 'bathtub', 'assembly')",1
"('cross', 'sectional', 'area')",1
"('eyeball', 'may', 'oriented')",1
"('second', 'end', 'protector')",1
"('direction', 'determined', 'orientation')",1
"('generating', 'rotational', 'spin')",1
"('ends', 'said', 'support')",1
"('member', 'configured', 'inserted')",1
"('rotary', 'assembly', 'engaging')",1
"('surface', 'front', 'end')",1
"('semiconductor', 'wafer', 'edge')",1
"('fixed', 'base', 'plate')",1
"('perforation', 'torn', 'permits')",1
"('side', 'outer', 'rail')",1
"('tightening', 'members', 'turned')",1
"('envelope', 'containing', 'incompressible')",1
"('portion', 'said', 'middle')",1
"('tightened', 'faucet', 'support')",1
"('concentrator', 'measuring', 'airflow')",1
"('support', 'seat', 'extend')",1
"('side', 'scrubbing', 'edge')",1
"('hole', 'fix', 'base')",1
"('ratio', 'method', 'according')",1
"('inlet', 'directing', 'said')",1
"('drawstring', 'enable', 'user')",1
"('may', 'draw', 'said')",1
"('extending', 'ledge', 'whereby')",1
"('inserting', 'said', 'turning')",1
"('length', 'main', 'body')",1
"('housing', 'fluid', 'communication')",1
"('body', 'wherein', 'another')",1
"('sectional', 'area', 'whereby')",1
"('second', 'end', 'positioned')",1
"('wherein', 'opening', 'portion')",1
"('configured', 'prevent', 'plurality')",1
"('attached', 'depending', 'upon')",1
"('operatively', 'engaging', 'plurality')",1
"('means', 'extends', 'downwardly')",1
"('claim', 'wherein', 'cleaning')",1
"('tightening', 'members', 'pivotally')",1
"('bars', 'inner', 'outer')",1
"('said', 'dividers', 'knitted')",1
"('cushioning', 'material', 'perineum')",1
"('dissipate', 'ventilated', 'sleep')",1
"('garment', 'protector', 'neck')",1
"('inner', 'ends', 'said')",1
"('cushioning', 'material', 'comprising')",1
"('side', 'wall', 'sheet')",1
"('bottom', 'surface', 'support')",1
"('provided', 'hand', 'portion')",1
"('covering', 'area', 'cross')",1
"('surfaces', 'water', 'holding')",1
"('spacer', 'provided', 'set')",1
"('front', 'edge', 'said')",1
"('toes', 'heel', 'portion')",1
"('facilitate', 'edge', 'cleaning')",1
"('member', 'peripheral', 'wall')",1
"('members', 'said', 'resistance')",1
"('one', 'chemical', 'comprises')",1
"('comprised', 'substantially', 'water')",1
"('friction', 'difference', 'tangential')",1
"('composed', 'five', 'sheaths')",1
"('bottom', 'side', 'upper')",1
"('located', 'side', 'wall')",1
"('portions', 'tightening', 'members')",1
"('first', 'side', 'first')",1
"('seat', 'supporting', 'bars')",1
"('securely', 'attached', 'said')",1
"('edge', 'cleaning', 'semiconductor')",1
"('directed', 'inward', 'plurality')",1
"('bearings', 'fitted', 'supporting')",1
"('said', 'stream', 'water')",1
"('adhesive', 'section', 'first')",1
"('cleaning', 'mechanism', 'comprises')",1
"('approximately', 'times', 'rotational')",1
"('portion', 'covers', 'heel')",1
"('comprises', 'pad', 'apparatus')",1
"('permeable', 'material', 'least')",1
"('front', 'ends', 'said')",1
"('seat', 'detachably', 'engaged')",1
"('zip', 'fastener', 'running')",1
"('fan', 'producing', 'air')",1
"('detachable', 'said', 'main')",1
"('propelling', 'water', 'point')",1
"('polyurethane', 'apparatus', 'defined')",1
"('one', 'envelope', 'including')",1
"('side', 'seat', 'remote')",1
"('engaging', 'opposite', 'surfaces')",1
"('slit', 'removed', 'said')",1
"('surface', 'configured', 'engage')",1
"('internal', 'surface', 'said')",1
"('user', 'least', 'two')",1
"('shaped', 'positioned', 'engage')",1
"('members', 'positioned', 'external')",1
"('connectors', 'provided', 'said')",1
"('comprising', 'cloth', 'material')",1
"('distance', 'spacer', 'provided')",1
"('circular', 'pattern', 'said')",1
"('thereof', 'prevent', 'said')",1
"('surface', 'system', 'including')",1
"('support', 'member', 'comprising')",1
"('faucet', 'base', 'plate')",1
"('material', 'comprises', 'foamed')",1
"('water', 'air', 'circular')",1
"('comprising', 'flow', 'control')",1
"('claim', 'wherein', 'curved')",1
"('toes', 'foot', 'body')",1
"('jet', 'propelling', 'water')",1
"('onto', 'said', 'bolts')",1
"('aperture', 'direction', 'determined')",1
"('material', 'first', 'roller')",1
"('substrate', 'includes', 'least')",1
"('claim', 'wherein', 'provided')",1
"('washed', 'showered', 'comprising')",1
"('hole', 'plurality', 'turning')",1
"('one', 'claims', 'comprising')",1
"('provided', 'brake', 'means')",1
"('bag', 'provided', 'substantially')",1
"('prevention', 'members', 'positioned')",1
"('leg', 'portions', 'meet')",1
"('prevention', 'members', 'detachable')",1
"('contact', 'inner', 'periphery')",1
"('nozzle', 'operation', 'said')",1
"('plate', 'wherein', 'said')",1
"('flexible', 'member', 'said')",1
"('top', 'end', 'opened')",1
"('claim', 'wherein', 'moveable')",1
"('said', 'panel', 'front')",1
"('middle', 'front', 'portion')",1
"('member', 'lies', 'said')",1
"('scrubber', 'defined', 'claim')",1
"('wherein', 'inner', 'rail')",1
"('space', 'defined', 'bottom')",1
"('said', 'least', 'two')",1
"('speed', 'faster', 'first')",1
"('brake', 'means', 'may')",1
"('material', 'selected', 'group')",1
"('said', 'faucet', 'faucet')",1
"('penetrate', 'said', 'bolts')",1
"('outside', 'bathtub', 'inner')",1
"('water', 'inlet', 'said')",1
"('different', 'first', 'speed')",1
"('claim', 'wherein', 'measuring')",1
"('provides', 'ledge', 'wherein')",1
"('connectors', 'base', 'end')",1
"('vinyl', 'alcohol', 'PVA')",1
"('airflow', 'rate', 'ventilated')",1
"('flap', 'provided', 'either')",1
"('said', 'canted', 'apertures')",1
"('comprises', 'legs', 'extend')",1
"('includes', 'head', 'portion')",1
"('end', 'portion', 'thereof')",1
"('measuring', 'airflow', 'rate')",1
"('said', 'base', 'plate')",1
"('wherein', 'said', 'drawstring')",1
"('strap', 'section', 'tear')",1
"('nylon', 'apparatus', 'defined')",1
"('connectors', 'bolts', 'said')",1
"('middle', 'portion', 'said')",1
"('air', 'method', 'according')",1
"('members', 'moved', 'toward')",1
"('recited', 'claim', 'comprising')",1
"('end', 'portion', 'said')",1
"('extending', 'upwardly', 'brake')",1
"('constructed', 'adjustable', 'portion')",1
"('members', 'directed', 'inward')",1
"('roller', 'rotates', 'semiconductor')",1
"('bars', 'said', 'bearings')",1
"('one', 'bevel', 'area')",1
"('concentrically', 'engaging', 'said')",1
"('cleaning', 'edge', 'semiconductor')",1
"('adjacent', 'outer', 'side')",1
"('lower', 'ends', 'assembly')",1
"('selected', 'group', 'consisting')",1
"('drawstring', 'located', 'towards')",1
"('end', 'said', 'first')",1
"('feet', 'portion', 'provided')",1
"('cleans', 'particles', 'bevel')",1
"('protector', 'cover', 'around')",1
"('whereby', 'seat', 'supporting')",1
"('within', 'said', 'housing')",1
"('said', 'rotary', 'face')",1
"('second', 'roller', 'rotates')",1
"('roller', 'comprises', 'abrasive')",1
"('tightening', 'members', 'rotated')",1
"('cover', 'ring', 'fixing')",1
"('orientated', 'generally', 'parallel')",1
"('portion', 'covers', 'foot')",1
"('rails', 'engage', 'inside')",1
"('speed', 'contacts', 'edge')",1
"('side', 'surfaces', 'said')",1
"('means', 'comprises', 'tubular')",1
"('bottom', 'end', 'front')",1
"('upper', 'portion', 'said')",1
"('protector', 'cover', 'pouch')",1
"('concentrically', 'within', 'said')",1
"('detachably', 'engaged', 'said')",1
"('members', 'inhibit', 'said')",1
"('screwed', 'onto', 'said')",1
"('either', 'main', 'body')",1
"('fixing', 'member', 'configured')",1
"('producing', 'air', 'flow')",1
"('members', 'inserted', 'mounting')",1
"('tub', 'inner', 'sidewall')",1
"('located', 'provide', 'axis')",1
"('members', 'provided', 'inner')",1
"('selected', 'angle', 'relative')",1
"('comprises', 'polyurethane', 'scrubbing')",1
"('area', 'heel', 'toes')",1
"('made', 'rigid', 'semirigid')",1
"('upper', 'surface', 'front')",1
"('stomach', 'user', 'protector')",1
"('middle', 'portion', 'may')",1
"('abrasive', 'material', 'scrubber')",1
"('penile', 'artery', 'said')",1
"('rotary', 'configuration', 'concentrically')",1
"('attached', 'said', 'connectors')",1
"('process', 'seat', 'comprising')",1
"('toe', 'portion', 'composed')",1
"('base', 'end', 'portion')",1
"('extends', 'downwardly', 'rails')",1
"('generally', 'parallel', 'said')",1
"('end', 'joined', 'second')",1
"('holes', 'therein', 'method')",1
"('first', 'roller', 'approximately')",1
"('sleep', 'surface', 'system')",1
"('section', 'joinable', 'form')",1
"('comprises', 'plurality', 'lugs')",1
"('hole', 'front', 'end')",1
"('claims', 'wherein', 'said')",1
"('friction', 'edge', 'abrasive')",1
"('stream', 'mixed', 'water')",1
"('base', 'plate', 'provide')",1
"('cushioning', 'material', 'said')",1
"('wherein', 'edge', 'semiconductor')",1
"('sewing', 'process', 'seat')",1
"('system', 'including', 'porous')",1
"('predetermined', 'position', 'faucet')",1
"('attachable', 'main', 'body')",1
"('rails', 'whereby', 'seat')",1
"('connectors', 'front', 'end')",1
"('strap', 'section', 'pouch')",1
"('water', 'conducting', 'pipe')",1
"('resistance', 'portion', 'lies')",1
"('said', 'main', 'body')",2
"('portions', 'meet', 'main')",1
"('meter', 'accumulator', 'covering')",1
"('provided', 'releasably', 'sealable')",1
"('portion', 'air', 'method')",1
"('user', 'wherein', 'one')",1
"('therethrough', 'said', 'slit')",1
"('closed', 'position', 'storage')",1
"('face', 'rotation', 'apertures')",1
"('plurality', 'connectors', 'tightening')",1
"('end', 'protector', 'support')",1
"('member', 'comprising', 'elastomeric')",1
"('jet', 'propelling', 'least')",1
"('belt', 'comprises', 'inflatable')",1
"('comprise', 'polystyrene', 'balls')",1
"('braces', 'mounted', 'sliding')",1
"('supporting', 'bars', 'seat')",1
"('wheels', 'provided', 'brake')",1
"('abrasive', 'material', 'apparatus')",1
"('spray', 'faucet', 'support')",1
"('tightening', 'member', 'upper')",1
"('fix', 'faucet', 'mounting')",1
"('rotary', 'assembly', 'said')",1
"('membrane', 'comprising', 'cloth')",1
"('seat', 'positioned', 'center')",1
"('comprising', 'elongate', 'flexible')",1
"('rate', 'method', 'according')",1
"('said', 'turning', 'prevention')",1
"('prevention', 'members', 'contact')",1
"('comprising', 'covering', 'portion')",1
"('covering', 'member', 'slit')",1
"('end', 'bottom', 'end')",1
"('comprise', 'abrasive', 'material')",1
"('covers', 'ankle', 'sock')",1
"('wherein', 'plurality', 'tightening')",1
"('said', 'nozzle', 'articulatable')",1
"('assembly', 'selectively', 'convertible')",1
"('portion', 'provided', 'feet')",1
"('section', 'tearable', 'perforation')",1
"('whirlpool', 'jet', 'assembly')",1
"('attached', 'said', 'nozzle')",1
"('members', 'therein', 'faucet')",1
"('tube', 'said', 'eyeball')",1
"('second', 'strap', 'section')",1
"('leg', 'portion', 'arm')",1
"('seat', 'extend', 'bottom')",1
"('bars', 'may', 'held')",1
"('connectors', 'configured', 'prevent')",1
"('form', 'envelope', 'containing')",1
"('said', 'guide', 'member')",1
"('moving', 'downwardly', 'along')",1
"('protector', 'cover', 'front')",1
"('effective', 'dissipate', 'ventilated')",1
"('covering', 'front', 'portion')",1
"('envelope', 'type', 'comprising')",1
"('support', 'legs', 'may')",1
"('nozzle', 'articulatable', 'upon')",1
"('prevention', 'members', 'coupled')",1
"('spot', 'rotary', 'face')",1
"('flexible', 'member', 'comprising')",1
"('selectively', 'convertible', 'first')",1
"('support', 'legs', 'also')",1
"('including', 'porous', 'cover')",1
"('connectors', 'faucet', 'support')",1
"('mounting', 'hole', 'formed')",1
"('means', 'whereby', 'brake')",1
"('connectors', 'two', 'bolts')",1
"('said', 'nozzle', 'said')",1
"('water', 'air', 'flow')",1
"('member', 'provided', 'said')",1
"('flow', 'rate', 'measured')",1
"('claim', 'wherein', 'inner')",1
"('fully', 'least', 'one')",1
"('wherein', 'main', 'entry')",1
"('holding', 'enclosure', 'perimeter')",1
"('adjacent', 'said', 'front')",1
"('second', 'roller', 'rotating')",1
"('first', 'end', 'protector')",1
"('support', 'adapted', 'support')",1
"('stationary', 'configuration', 'removed')",1
"('portion', 'comprised', 'substantially')",1
"('floor', 'assembly', 'claim')",1
"('seat', 'set', 'forth')",1
"('envelope', 'including', 'upper')",1
"('propelling', 'water', 'area')",1
"('means', 'comprises', 'tub')",1
"('side', 'first', 'second')",1
"('said', 'drawstring', 'located')",1
"('first', 'closed', 'position')",1
"('due', 'difference', 'tangential')",1
"('detachable', 'said', 'support')",1
"('wherein', 'said', 'connectors')",1
"('first', 'roller', 'rotates')",1
"('second', 'end', 'supported')",1
"('mounting', 'hole', 'wherein')",1
"('apertures', 'impart', 'rotational')",1
"('tear', 'end', 'joinable')",1
"('five', 'sheaths', 'wherein')",1
"('integrally', 'formed', 'main')",1
"('rotational', 'speed', 'second')",1
"('concentrator', 'cross', 'sectional')",1
"('portion', 'respectively', 'sleeping')",1
"('portion', 'releasable', 'attachable')",1
"('comprises', 'two', 'strap')",1
"('thereby', 'supporting', 'faucet')",1
"('first', 'roller', 'generating')",1
"('area', 'due', 'difference')",1
"('roller', 'clearing', 'edge')",1
"('comprises', 'polyurethane', 'apparatus')",1
"('propelling', 'least', 'one')",1
"('air', 'inlet', 'directing')",1
"('range', 'method', 'according')",1
"('sectional', 'area', 'range')",1
"('face', 'said', 'first')",1
"('first', 'second', 'configurations')",1
"('belt', 'comprises', 'rigid')",1
"('claim', 'comprising', 'flow')",1
"('disposable', 'garment', 'protector')",1
"('collect', 'particulates', 'liquids')",1
"('polyurethane', 'scrubbing', 'apparatus')",1
"('first', 'end', 'strap')",1
"('plurality', 'lugs', 'engage')",1
"('plurality', 'turning', 'prevention')",1
"('cover', 'around', 'back')",1
"('wall', 'made', 'elastic')",1
"('provided', 'inner', 'surfaces')",1
"('turned', 'plurality', 'tightening')",1
"('support', 'position', 'covering')",1
"('support', 'comprises', 'two')",1
"('first', 'end', 'portion')",1
"('comprising', 'articulatable', 'non')",1
"('respective', 'rotating', 'apertures')",1
"('user', 'pouch', 'positioned')",1
"('part', 'portion', 'attached')",1
"('incompressible', 'filling', 'pieces')",1
"('two', 'leg', 'portions')",1
"('peripheral', 'wall', 'said')",1
"('wherein', 'seat', 'positioned')",1
"('nuts', 'screwed', 'onto')",1
"('position', 'turning', 'prevention')",1
"('first', 'strap', 'tear')",1
"('jet', 'assembly', 'rotary')",1
"('engage', 'base', 'plate')",1
"('feet', 'lower', 'leg')",1
"('support', 'member', 'releasably')",1
"('device', 'claim', 'wherein')",1
"('material', 'scrubber', 'defined')",1
"('portion', 'sleeping', 'bag')",1
"('said', 'panel', 'middle')",1
"('upon', 'removal', 'said')",1
"('protector', 'support', 'comprises')",1
"('one', 'belt', 'removably')",1
"('end', 'second', 'strap')",1
"('end', 'front', 'back')",1
"('wherein', 'five', 'sheaths')",1
"('positioned', 'strap', 'tearable')",1
"('wheels', 'lower', 'ends')",1
"('whereat', 'person', 'may')",1
"('feet', 'portion', 'said')",1
"('method', 'measuring', 'airflow')",1
"('side', 'wall', 'includes')",1
"('separated', 'streams', 'flow')",1
"('membrane', 'said', 'covering')",1
"('bearings', 'shaped', 'positioned')",1
"('said', 'first', 'configuration')",1
"('portion', 'releasably', 'attachable')",1
"('including', 'plurality', 'holes')",1
"('claim', 'wherein', 'buffer')",1
"('rollers', 'located', 'provide')",1
"('pieces', 'occupying', 'space')",1
"('knitted', 'bottom', 'top')",1
"('panel', 'orientated', 'generally')",1
"('torn', 'first', 'strap')",1
"('two', 'bolts', 'bolt')",1
"('together', 'along', 'rails')",1
"('resistant', 'water', 'proof')",1
"('said', 'plurality', 'connectors')",1
"('releasable', 'attachable', 'body')",1
"('air', 'inlet', 'generating')",1
"('air', 'aperture', 'wall')",1
"('wherein', 'homogenous', 'material')",1
"('may', 'selectively', 'extended')",1
"('rotates', 'direction', 'first')",1
"('flow', 'effective', 'dissipate')",1
"('inward', 'rim', 'located')",1
"('protecting', 'perineum', 'males')",1
"('contacting', 'extension', 'means')",1
"('securing', 'means', 'comprising')",1
"('nozzle', 'jet', 'assembly')",1
"('water', 'air', 'region')",1
"('air', 'circular', 'pattern')",1
"('comprising', 'upper', 'wall')",1
"('support', 'comprises', 'strap')",1
"('tightening', 'members', 'contact')",1
"('said', 'panel', 'height')",1
"('bevel', 'area', 'second')",1
"('beyond', 'diameter', 'mounting')",1
"('wherein', 'measured', 'airflow')",1
"('advanced', 'together', 'along')",1
"('tube', 'plurality', 'canted')",1
"('first', 'roller', 'cleaning')",1
"('attached', 'said', 'second')",1
"('guide', 'body', 'said')",1
"('area', 'whereby', 'air')",1
"('wherein', 'one', 'said')",1
"('point', 'contact', 'side')",1
"('rotating', 'said', 'rotating')",1
"('first', 'end', 'securely')",1
"('ring', 'fixing', 'member')",1
"('comprises', 'cloth', 'material')",1
"('portion', 'region', 'attachment')",1
"('extend', 'downwardly', 'said')",1
"('inner', 'layer', 'five')",1
"('air', 'selected', 'spot')",1
"('provided', 'drawstring', 'sleeping')",1
"('rate', 'comprises', 'measuring')",1
"('tube', 'said', 'aperture')",1
"('back', 'edge', 'second')",1
"('said', 'nozzle', 'tube')",1
"('comprising', 'cover', 'ring')",1
"('elongate', 'flexible', 'member')",1
"('enclosure', 'whirlpool', 'jet')",1
"('positioned', 'collect', 'particulates')",1
"('wall', 'inward', 'rim')",1
"('constructed', 'plurality', 'tightening')",1
"('external', 'side', 'surfaces')",1
"('protector', 'cover', 'disposable')",1
"('assembly', 'claim', 'comprising')",1
"('wherein', 'said', 'cushioning')",1
"('support', 'seat', 'said')",1
"('connectors', 'maintaining', 'distance')",1
"('spin', 'said', 'rotary')",1
"('said', 'convex', 'portion')",1
"('tub', 'ledge', 'contacting')",1
"('claim', 'wherein', 'belt')",1
"('may', 'supported', 'said')",1
"('material', 'comprises', 'pad')",1
"('covers', 'heel', 'ankle')",1
"('width', 'bathtub', 'inner')",1
"('bars', 'carrying', 'seat')",1
"('dimensioned', 'span', 'width')",1
"('comprises', 'adjustable', 'spacers')",1
"('two', 'rails', 'whereby')",1
"('leg', 'portion', 'whereby')",1
"('hole', 'wherein', 'plurality')",1
"('member', 'defined', 'claim')",1
"('seat', 'contact', 'inner')",1
"('said', 'back', 'edge')",1
"('portion', 'integrally', 'formed')",1
"('said', 'nozzle', 'operation')",1
"('tear', 'end', 'produced')",1
"('material', 'perineum', 'protecting')",1
"('partially', 'fully', 'least')",1
"('said', 'plurality', 'holes')",1
"('holes', 'therein', 'fan')",1
"('accumulated', 'portion', 'air')",1
"('substantially', 'length', 'main')",1
"('tangential', 'velocity', 'point')",1
"('ankle', 'portion', 'covers')",1
"('ends', 'said', 'bars')",1
"('meter', 'ventilated', 'sleep')",1
"('nozzle', 'tube', 'releasable')",1
"('rotating', 'semiconductor', 'wafer')",1
"('wherein', 'belt', 'comprises')",1
"('comprising', 'jet', 'propelling')",1
"('rotary', 'mode', 'said')",1
"('user', 'may', 'draw')",1
"('including', 'seat', 'mounted')",1
"('wherein', 'resistance', 'portion')",1
"('inserted', 'mounting', 'hole')",1
"('fold', 'one', 'first')",1
"('end', 'attached', 'said')",1
"('knitted', 'along', 'root')",1
"('roller', 'edge', 'semiconductor')",1
"('produced', 'second', 'strap')",1
"('along', 'front', 'surface')",1
"('strap', 'section', 'tearable')",1
"('said', 'first', 'loop')",1
"('tearable', 'perforation', 'least')",1
"('downwardly', 'rest', 'ledge')",1
"('size', 'said', 'mounting')",1
"('direction', 'second', 'speed')",1
"('plurality', 'tightening', 'members')",1
"('substrate', 'second', 'roller')",1
"('wherein', 'moveable', 'seat')",1
"('wafer', 'cleaned', 'due')",1
"('inextensible', 'material', 'seat')",1
"('inner', 'rail', 'support')",1
"('side', 'first', 'end')",1
"('wafer', 'second', 'roller')",1
"('nozzle', 'plurality', 'lugs')",1
"('protector', 'neck', 'user')",1
"('showered', 'comprising', 'two')",1
"('bottom', 'top', 'part')",1
"('second', 'loop', 'members')",1
"('together', 'sewing', 'process')",1
"('guide', 'member', 'constructed')",1
"('wherein', 'bottom', 'wall')",1
"('bathtub', 'secure', 'rails')",1
"('permits', 'removal', 'protector')",1
"('end', 'positioned', 'extend')",1
"('position', 'covering', 'front')",1
"('enclosing', 'trunk', 'user')",1
"('times', 'rotational', 'speed')",1
"('rigid', 'panel', 'seat')",1
"('use', 'user', 'pouch')",1
"('contact', 'semiconductor', 'wafer')",1
"('insertion', 'bore', 'drilled')",1
"('surface', 'said', 'mounting')",1
"('material', 'apparatus', 'defined')",1
"('rotary', 'face', 'rotation')",1
"('side', 'wall', 'seat')",1
"('surface', 'formed', 'upper')",1
"('provided', 'drawstring', 'enable')",1
"('comprising', 'support', 'seat')",1
"('communication', 'attached', 'said')",1
"('bars', 'permitting', 'outer')",1
"('edge', 'said', 'apparatus')",1
"('articulatable', 'directing', 'stream')",1
"('comprising', 'linkage', 'extending')",1
"('second', 'end', 'second')",1
"('sleep', 'surface', 'method')",1
"('material', 'said', 'main')",1
"('seat', 'assembly', 'claim')",1
"('member', 'constructed', 'main')",1
"('inch', 'inches', 'perineum')",1
"('body', 'part', 'portions')",1
"('upon', 'installation', 'position')",1
"('support', 'seat', 'fixed')",1
"('portion', 'second', 'strap')",1
"('portions', 'includes', 'head')",1
"('pipe', 'inserted', 'said')",1
"('opening', 'portion', 'said')",1
"('said', 'connectors', 'base')",1
"('mounted', 'advance', 'upon')",1
"('one', 'chemical', 'point')",1
"('edge', 'said', 'second')",1
"('back', 'edge', 'said')",1
"('faucet', 'support', 'seat')",1
"('plate', 'wherein', 'plurality')",1
"('poly', 'vinyl', 'alcohol')",1
"('contacts', 'edge', 'semiconductor')",1
"('rails', 'said', 'floor')",1
"('generating', 'stream', 'mixed')",1
"('made', 'elastic', 'permeable')",1
"('scrubbing', 'semiconductor', 'substrate')",1
"('slit', 'generally', 'positioned')",1
"('comprises', 'tubular', 'braces')",1
"('seat', 'seat', 'support')",1
"('comprising', 'panel', 'front')",1
"('provided', 'either', 'main')",1
"('comprised', 'different', 'material')",1
"('floor', 'side', 'seat')",1
"('selected', 'spot', 'rotary')",1
"('edge', 'positioned', 'generally')",1
"('bathtub', 'proximate', 'floor')",1
"('said', 'spacer', 'inserting')",1
"('first', 'end', 'attached')",1
"('formed', 'peripheral', 'wall')",1
"('apertures', 'directing', 'stream')",1
"('side', 'bathtub', 'rails')",1
"('balls', 'seat', 'set')",1
"('front', 'surface', 'back')",1
"('rate', 'measured', 'meter')",1
"('mixed', 'water', 'air')",1
"('strip', 'joined', 'second')",1
"('claim', 'wherein', 'accumulator')",1
"('nozzle', 'tube', 'whirlpool')",1
"('aperture', 'wall', 'water')",1
"('covering', 'membrane', 'said')",1
"('one', 'base', 'end')",1
"('said', 'plurality', 'tightening')",1
"('rotary', 'face', 'comprises')",1
"('wherein', 'said', 'covering')",1
"('due', 'friction', 'edge')",1
"('apertures', 'passing', 'said')",1
"('thereof', 'directed', 'inward')",1
"('amount', 'water', 'air')",1
"('stationary', 'configuration', 'said')",1
"('along', 'plurality', 'connectors')",1
"('portion', 'formed', 'holding')",1
"('claim', 'wherein', 'rotational')",1
"('rim', 'made', 'material')",1
"('front', 'end', 'portion')",1
"('first', 'roller', 'configured')",1
"('difference', 'tangential', 'velocity')",1
"('user', 'neck', 'user')",1
"('whereby', 'air', 'flow')",1
"('tightening', 'members', 'inserted')",1
"('panel', 'front', 'edge')",1
"('inner', 'outer', 'ends')",1
"('change', 'length', 'strap')",1
"('claim', 'wherein', 'plurality')",1
"('spraying', 'water', 'air')",1
"('provided', 'wheels', 'lower')",1
"('rails', 'thereby', 'shift')",1
"('lines', 'toes', 'foot')",1
"('tube', 'eyeball', 'positioned')",1
"('eyeball', 'positioned', 'concentrically')",1
"('face', 'said', 'whirlpool')",1
"('said', 'support', 'bars')",1
"('said', 'stream', 'respective')",1
"('adjustable', 'portion', 'attached')",1
"('top', 'end', 'bottom')",1
"('plurality', 'connectors', 'positioned')",1
"('rate', 'bedding', 'disposed')",1
"('portion', 'said', 'faucet')",1
"('members', 'coupled', 'plurality')",1
"('semiconductor', 'substrate', 'includes')",1
"('said', 'plurality', 'turning')",1
"('rest', 'ledge', 'assembly')",1
"('seat', 'base', 'end')",1
"('permitting', 'outer', 'ends')",1
"('position', 'center', 'region')",1
"('provided', 'set', 'connectors')",1
"('drilled', 'said', 'spacer')",1
"('members', 'constructed', 'plurality')",1
"('tightening', 'members', 'provided')",1
"('surface', 'back', 'surface')",1
"('inlet', 'air', 'inlet')",1
"('tightening', 'members', 'directed')",1
"('inclined', 'toward', 'said')",1
"('wherein', 'flow', 'air')",1
"('said', 'apparatus', 'comprising')",1
"('resistance', 'said', 'tightening')",1
"('one', 'releasable', 'attachable')",1
"('protecting', 'device', 'claim')",1
"('user', 'draw', 'feet')",1
"('bathtub', 'position', 'center')",1
"('foot', 'body', 'portion')",1
"('edge', 'cleaned', 'due')",1
"('removed', 'said', 'nozzle')",1
"('velocity', 'apparatus', 'defined')",1
"('claim', 'upon', 'removal')",1
"('outward', 'plurality', 'turning')",1
"('extending', 'therethrough', 'said')",1
"('second', 'roller', 'comprises')",1
"('support', 'seat', 'convex')",1
"('bars', 'elevated', 'hand')",1
"('said', 'bearings', 'shaped')",1
"('portion', 'comprising', 'cushioning')",1
"('fixing', 'member', 'peripheral')",1
"('generally', 'positioned', 'adjacent')",1
"('bathtub', 'supporting', 'bearings')",1
"('position', 'storage', 'second')",1
"('member', 'inclined', 'toward')",1
"('sealable', 'flap', 'provided')",1
"('extend', 'downwardly', 'rest')",1
"('members', 'turned', 'plurality')",1
"('removal', 'said', 'rotary')",1
"('therebetween', 'faucet', 'support')",1
"('said', 'water', 'conducting')",1
"('rotatable', 'nozzle', 'tube')",1
"('said', 'stream', 'generating')",1
"('set', 'forth', 'claim')",1
"('housing', 'water', 'inlet')",1
"('formed', 'fold', 'one')",1
"('second', 'configuration', 'removed')",1
"('support', 'base', 'end')",1
"('upper', 'wall', 'bottom')",1
"('measured', 'meter', 'accumulator')",1
"('whereby', 'rails', 'may')",1
"('upper', 'surface', 'tightening')",1
"('portion', 'may', 'selectively')",1
"('releasable', 'manner', 'selective')",1
"('carrying', 'seat', 'bars')",1
"('heel', 'portion', 'covers')",1
"('area', 'cross', 'sectional')",1
"('stream', 'water', 'air')",1
"('hole', 'said', 'support')",1
"('second', 'roller', 'cleans')",1
"('water', 'area', 'contact')",1
"('bathtub', 'whereat', 'person')",1
"('quick', 'removal', 'protector')",1
"('main', 'body', 'guide')",1
"('members', 'comprising', 'elongate')",1
"('inward', 'rim', 'made')",1
"('comprises', 'water', 'jet')",1
"('thereby', 'shift', 'seat')",1
"('adhesive', 'section', 'positioned')",1
"('brace', 'means', 'comprises')",1
"('chemical', 'comprises', 'NH4OH')",1
"('said', 'rotary', 'configuration')",1
"('external', 'side', 'surface')",1
"('insertion', 'holes', 'drilled')",1
"('rotary', 'face', 'attached')",1
"('rail', 'support', 'means')",1
"('cleaning', 'semiconductor', 'substrate')",1
"('surface', 'system', 'method')",1
"('wherein', 'protector', 'support')",1
"('members', 'contact', 'front')",1
"('seat', 'remote', 'bathtub')",1
"('seat', 'provided', 'support')",1
"('plurality', 'connectors', 'two')",1
"('rails', 'may', 'supported')",1
"('portions', 'plurality', 'tightening')",1
"('panel', 'said', 'panel')",1
"('wherein', 'guide', 'member')",1
"('supporting', 'bars', 'substantially')",1
"('extend', 'support', 'seat')",1
"('body', 'provided', 'drawstring')",1
"('back', 'surface', 'first')",1
"('part', 'user', 'wherein')",1
"('said', 'fixing', 'member')",1
"('legs', 'may', 'advanced')",1
"('detachable', 'manner', 'faucet')",1
"('cover', 'wherein', 'strap')",1
"('advance', 'upon', 'installation')",1
"('semiconductor', 'wafer', 'scrubber')",1
"('material', 'least', 'one')",1
"('extending', 'therethrough', 'wherein')",1
"('water', 'jet', 'propelling')",1
"('hand', 'advancement', 'supporting')",1
"('inches', 'height', 'generally')",1
"('elastomeric', 'material', 'said')",1
"('ankle', 'sock', 'comprises')",1
"('bolt', 'insertion', 'holes')",1
"('means', 'removably', 'abutting')",1
"('front', 'portion', 'chest')",1
"('roller', 'cleans', 'said')",1
